OrderID,OrderDate,CustomerName,Age,City,Product,Category,Quantity,UnitPrice,Discount,TotalSales,PaymentMode,OrderStatus,Order_Date,Total_Sales
1,2025-10-20,Aarav,45.0,Jaipur,Laptop,Electronics,4,30815.0,15,104771.0,Cash,Cancelled,2025-10-20,104771.0
2,2025-03-24, Aarav ,51.0,Jaipur,Keyboard,Accessories,2,16883.0,10,30389.4,UPI,Processing,2025-03-24,30389.4
3,2025-03-13,Ayesha,42.0,Jaipur,Keyboard,Accessories,5,30438.0,5,144580.5,Card,Processing,2025-03-13,144580.5
5,2025-01-03,Kabir,26.0,Mumbai,Keyboard,Accessories,6,51097.0,5,291252.9,Cash,Cancelled,2025-01-03,291252.9
7,2025-05-03,Aarav,20.0,Jaipur,Keyboard,Accessories,2,35462.0,0,70924.0,UPI,Processing,2025-05-03,70924.0
8,2025-10-18,Ayesha,56.0,Mumbai,Laptop,Electronics,2,29437.0,5,55930.3,UPI,Processing,2025-10-18,55930.3
9,2025-08-10,Rehan,46.0,Mumbai,Keyboard,Accessories,3,40952.0,5,116713.2,UPI,Processing,2025-08-10,116713.2
10,2025-08-22,Najrin,28.0,Pune,Phone,Electronics,3,31966.0,10,86308.2,Cash,Processing,2025-08-22,86308.2
11,2025-04-25,Aarav,52.0,Pune,Laptop,Electronics,five,59280.0,10,320112.0,UPI,Delivered,2025-04-25,320112.0
14,2025-07-25, Riya ,44.0,Chennai,Keyboard,Accessories,7,32605.0,5,216823.25,Card,Processing,2025-07-25,216823.25
15,2025-02-20,Rehan,20.0,Delhi,Printer,Office,2,3814.0,10,6865.2,UPI,Delivered,2025-02-20,6865.2
17,2025-05-13,Zoya,45.0,Bhopal,Phone,Electronics,4,21672.0,0,86688.0,Card,Delivered,2025-05-13,86688.0
18,2025-11-26,Zoya,19.0,Delhi,Keyboard,Accessories,7,56285.0,5,374295.25,Card,Processing,2025-11-26,374295.25
20,2025-11-01,Rehan,30.0,Bhopal,Phone,Electronics,2,39262.0,5,74597.8,Cash,Delivered,2025-11-01,74597.8
22,2025-07-06,Diya,58.0,Pune,Laptop,Electronics,4,28279.0,15,96148.6,Cash,Cancelled,2025-07-06,96148.6
24,2025-04-10,Najrin,47.0,Pune,Keyboard,Accessories,8,33761.0,10,243079.2,Cash,Processing,2025-04-10,243079.2
25,2025-11-24,Ayesha,40.0,Pune,Keyboard,Accessories,8,59874.0,15,407143.2,Cash,Cancelled,2025-11-24,407143.2
26,2025-09-03,Diya,52.0,Pune,Keyboard,Accessories,7,52505.0,5,349158.25,Card,Processing,2025-09-03,349158.25
28,2025-02-07,Rehan,57.0,Bhopal,Keyboard,Accessories,3,16284.0,5,46409.4,Cash,Delivered,2025-02-07,46409.4
29,2025-10-12,Aarav,32.0,Chennai,Laptop,Electronics,7,13065.0,15,77736.75,Card,Delivered,2025-10-12,77736.75
30,2025-07-20,Kabir,39.0,Chennai,Phone,Electronics,6,57532.0,0,345192.0,Card,Cancelled,2025-07-20,345192.0
31,2025-10-24,Aarav,20.0,Chennai,Keyboard,Accessories,7,21770.0,5,144770.5,UPI,Delivered,2025-10-24,144770.5
32,2025-11-07,Ayesha,28.0,Delhi,Keyboard,Accessories,2,26544.0,15,45124.8,Card,Processing,2025-11-07,45124.8
33,2025-01-31,Riya,46.0,Pune,Printer,Office,8,47853.0,15,325400.4,Card,Delivered,2025-01-31,325400.4
34,2025-07-01,Rehan,39.0,Chennai,Printer,Office,7,13236.0,0,92652.0,Cash,Cancelled,2025-07-01,92652.0
35,2025-03-20,Aarav,29.0,Pune,Phone,Electronics,7,52509.0,10,330806.7,Card,Processing,2025-03-20,330806.7
36,2025-01-26,Aarav,28.0,Bhopal,Phone,Electronics,1,38510.0,5,36584.5,UPI,Cancelled,2025-01-26,36584.5
37,2025-10-17,Ayesha,29.0,Bhopal,Laptop,Electronics,7,39694.0,15,236179.3,UPI,Processing,2025-10-17,236179.3
38,2025-04-10,Zoya,28.0,Mumbai,Printer,Office,8,51442.0,10,370382.4,UPI,Delivered,2025-04-10,370382.4
40,2025-08-05,Najrin,36.0,Chennai,Laptop,Electronics,6,55134.0,15,281183.4,Card,Delivered,2025-08-05,281183.4
41,2025-09-30, Najrin ,18.0,Pune,Phone,Electronics,7,45943.0,5,305520.95,UPI,Cancelled,2025-09-30,305520.95
42,2025-11-23,Zoya,24.0,Chennai,Printer,Office,4,19329.0,10,69584.40000000001,UPI,Delivered,2025-11-23,69584.40000000001
43,2025-11-15,Aarav,22.0,Jaipur,Laptop,Electronics,1,43304.0,15,36808.4,Cash,Delivered,2025-11-15,36808.4
44,2025-01-25,Ayesha,38.0,Pune,Printer,Office,3,1735.0,5,4944.75,UPI,Processing,2025-01-25,4944.75
45,2025-04-14,Kabir,33.0,Jaipur,printer,Office,1,8714.0,0,8714.0,UPI,Delivered,2025-04-14,8714.0
46,2025-01-29,Riya,25.0,Pune,Printer,Office,2,1458.0,15,2478.6,Card,Cancelled,2025-01-29,2478.6
48,2025-08-22,Ayesha,29.0,Delhi,Printer,Office,8,32535.0,10,234252.0,Card,Delivered,2025-08-22,234252.0
49,2025-03-13,Najrin,34.0,Mumbai,Laptop,Electronics,8,1371.0,5,10419.6,Cash,Delivered,2025-03-13,10419.6
50,2025-09-26,Najrin,27.0,Delhi,Laptop,Electronics,5,46728.0,10,210276.0,UPI,Cancelled,2025-09-26,210276.0
51,2025-05-13,Rehan,50.0,Mumbai,Laptop,Electronics,1,40399.0,0,40399.0,Card,Delivered,2025-05-13,40399.0
52,2025-10-02, Aarav ,31.0,Mumbai,Keyboard,Accessories,7,10390.0,0,72730.0,Cash,Cancelled,2025-10-02,72730.0
53,2025-12-09,Diya,48.0,Bhopal,Printer,Office,8,12004.0,5,91230.4,UPI,Processing,2025-12-09,91230.4
54,2025-11-08,Riya,46.0,Pune,Phone,Electronics,6,33704.0,15,171890.4,UPI,Delivered,2025-11-08,171890.4
55,2025-09-08,Rehan,28.0,Jaipur,Keyboard,Accessories,4,32916.0,10,118497.6,Card,Cancelled,2025-09-08,118497.6
56,2025-10-12,Rehan,27.0,Pune,Keyboard,Accessories,6,9013.0,0,54078.0,Cash,Delivered,2025-10-12,54078.0
57,2025-12-11,Ayesha,51.0,Chennai,Laptop,Electronics,7,40471.0,0,283297.0,Card,Cancelled,2025-12-11,283297.0
58,2025-01-19,Riya,20.0,Delhi,Keyboard,Accessories,7,15013.0,15,89327.34999999999,Card,Cancelled,2025-01-19,89327.34999999999
59,2025-02-16,Diya,22.0,Bhopal,Printer,Office,7,20903.0,5,139004.95,Card,Delivered,2025-02-16,139004.95
60,2025-11-19,Rehan,52.0,Pune,phone,Electronics,4,47644.0,5,181047.2,Cash,Delivered,2025-11-19,181047.2
62,2025-10-03,Riya,22.0,Pune,Printer,Office,8,6315.0,5,47994.0,UPI,Processing,2025-10-03,47994.0
63,2025-04-02,Riya,41.0,Jaipur,Phone,Electronics,4,22386.0,10,80589.6,Card,Processing,2025-04-02,80589.6
64,2025-03-21,Aarav,49.0,Jaipur,Keyboard,Accessories,6,821.0,10,4433.400000000001,Card,Processing,2025-03-21,4433.400000000001
65,2025-09-14,Aarav,44.0,Pune,Keyboard,Accessories,8,11668.0,0,93344.0,Cash,Processing,2025-09-14,93344.0
66,2025-02-17,Diya,47.0,Mumbai,laptop,Electronics,7,35318.0,0,247226.0,UPI,Cancelled,2025-02-17,247226.0
69,2025-04-27,Zoya,49.0,Chennai,Printer,Office,five,20287.0,15,120707.65,Card,Delivered,2025-04-27,120707.65
72,2025-04-11,Aarav,28.0,Jaipur,Keyboard,Accessories,1,33538.0,5,31861.1,UPI,Delivered,2025-04-11,31861.1
73,2025-03-14,Zoya,47.0,Bhopal,Laptop,Electronics,7,41868.0,10,263768.4,Cash,Delivered,2025-03-14,263768.4
74,2025-03-21,Najrin,20.0,Mumbai,Phone,Electronics,2,34266.0,15,58252.2,Cash,Processing,2025-03-21,58252.2
77,2025-05-28,Kabir,18.0,Pune,Printer,Office,1,50502.0,5,47976.89999999999,UPI,Processing,2025-05-28,47976.89999999999
79,2025-10-09,Najrin,49.0,Delhi,Laptop,Electronics,4,57180.0,5,217284.0,UPI,Processing,2025-10-09,217284.0
80,2025-07-27,Kabir,45.0,Pune,Phone,Electronics,7,27619.0,5,183666.35,UPI,Cancelled,2025-07-27,183666.35
81,2025-12-26,Ayesha,48.0,Pune,Phone,Electronics,five,53069.0,0,212276.0,Card,Cancelled,2025-12-26,212276.0
84,2025-09-18,Diya,44.0,Chennai,Laptop,Electronics,4,4366.0,0,17464.0,Card,Delivered,2025-09-18,17464.0
85,2025-05-19,Kabir,35.0,Pune,Keyboard,Accessories,5,35560.0,10,160020.0,UPI,Processing,2025-05-19,160020.0
86,2025-10-18,Riya,22.0,Delhi,Printer,Office,2,26933.0,0,53866.0,UPI,Cancelled,2025-10-18,53866.0
87,2025-03-11,Rehan,33.0,Jaipur,Printer,Office,2,11755.0,0,23510.0,Cash,Cancelled,2025-03-11,23510.0
88,2025-12-03,Najrin,27.0,Pune,Laptop,Electronics,8,46578.0,0,372624.0,Card,Delivered,2025-12-03,372624.0
89,2025-01-18,Zoya,51.0,Jaipur,Keyboard,Accessories,6,19643.0,5,111965.1,Cash,Cancelled,2025-01-18,111965.1
90,2025-06-20,Ayesha,22.0,Bhopal,Keyboard,Accessories,6,46568.0,0,279408.0,Cash,Cancelled,2025-06-20,279408.0
91,2025-07-12,Ayesha,47.0,Jaipur,Printer,Office,3,18490.0,0,55470.0,UPI,Cancelled,2025-07-12,55470.0
92,2025-11-13,Riya,18.0,Jaipur,Keyboard,Accessories,7,58296.0,10,367264.8,UPI,Processing,2025-11-13,367264.8
94,2025-07-06,Najrin,34.0,Delhi,Phone,Electronics,6,56049.0,0,336294.0,Card,Delivered,2025-07-06,336294.0
96,2025-08-09,Ayesha,47.0,Chennai,Laptop,Electronics,6,22422.0,15,114352.2,Cash,Processing,2025-08-09,114352.2
97,2025-10-02,Zoya,18.0,Bhopal,Keyboard,Accessories,8,12463.0,5,94718.8,Cash,Processing,2025-10-02,94718.8
98,2025-06-14,Najrin,24.0,Bhopal,Laptop,Electronics,2,7498.0,10,13496.4,Cash,Delivered,2025-06-14,13496.4
99,2025-04-01,Riya,18.0,Chennai,Keyboard,Accessories,3,22953.0,5,65416.05,Card,Cancelled,2025-04-01,65416.05
100,2025-12-22,Diya,28.0,Bhopal,Laptop,Electronics,6,59944.0,15,305714.4,UPI,Processing,2025-12-22,305714.4
101,2025-01-29,Zoya,54.0,Mumbai,Laptop,Electronics,5,33846.0,5,160768.5,Card,Cancelled,2025-01-29,160768.5
102,2025-02-23,Riya,49.0,Pune,keyboard,Accessories,5,3624.0,15,15402.0,UPI,Delivered,2025-02-23,15402.0
103,2025-07-12,Aarav,48.0,Jaipur,Printer,Office,1,2497.0,5,2372.15,Card,Processing,2025-07-12,2372.15
104,2025-07-27,Kabir,55.0,Chennai,Printer,Office,7,16056.0,10,101152.8,Card,Delivered,2025-07-27,101152.8
105,2025-07-04,Aarav,54.0,Delhi,Phone,Electronics,five,9136.0,5,8679.199999999999,Cash,Delivered,2025-07-04,8679.199999999999
106,2025-02-08,Zoya,44.0,Pune,Laptop,Electronics,8,24727.0,0,197816.0,Card,Delivered,2025-02-08,197816.0
108,2025-03-06,Zoya,22.0,Bhopal,Phone,Electronics,8,51282.0,15,348717.6,Cash,Delivered,2025-03-06,348717.6
109,2025-09-02,Najrin,20.0,Bhopal,Laptop,Electronics,2,23615.0,15,40145.5,UPI,Delivered,2025-09-02,40145.5
110,2025-12-15,Riya,26.0,Delhi,Phone,Electronics,7,58588.0,0,410116.0,UPI,Processing,2025-12-15,410116.0
111,2025-01-24,Rehan,41.0,Bhopal,Keyboard,Accessories,7,17145.0,15,102012.75,UPI,Cancelled,2025-01-24,102012.75
112,2025-10-05,Aarav,47.0,Mumbai,Laptop,Electronics,7,55093.0,10,347085.9,Cash,Cancelled,2025-10-05,347085.9
113,2025-10-07,Aarav,21.0,Bhopal,Printer,Office,5,21597.0,5,102585.75,UPI,Processing,2025-10-07,102585.75
114,2025-09-11,Diya,41.0,Mumbai,Keyboard,Accessories,1,42264.0,10,38037.6,Card,Delivered,2025-09-11,38037.6
115,2025-09-21,Najrin,25.0,Pune,Keyboard,Accessories,1,9185.0,0,9185.0,Cash,Delivered,2025-09-21,9185.0
116,2025-07-01,Aarav,56.0,Bhopal,Printer,Office,7,41444.0,15,246591.8,Cash,Cancelled,2025-07-01,246591.8
117,2025-01-04,Riya,36.0,Mumbai,Keyboard,Accessories,6,41595.0,10,224613.0,Cash,Cancelled,2025-01-04,224613.0
118,2025-02-19,Zoya,27.0,Mumbai,Printer,Office,6,44632.0,10,241012.8,UPI,Cancelled,2025-02-19,241012.8
119,2025-12-17,Rehan,19.0,Delhi,Phone,Electronics,7,50907.0,5,338531.55,UPI,Delivered,2025-12-17,338531.55
120,2025-02-13,Ayesha,41.0,Delhi,Phone,Electronics,1,42582.0,0,42582.0,UPI,Processing,2025-02-13,42582.0
121,2025-05-01,Diya,53.0,Pune,Printer,Office,8,17626.0,0,141008.0,UPI,Cancelled,2025-05-01,141008.0
122,2025-02-22,Kabir,54.0,Chennai,Laptop,Electronics,7,42845.0,10,269923.5,UPI,Processing,2025-02-22,269923.5
123,2025-11-05,Diya,37.0,Pune,Phone,Electronics,4,29917.0,5,113684.6,Cash,Cancelled,2025-11-05,113684.6
124,2025-06-15,Najrin,30.0,Jaipur,Laptop,Electronics,five,8798.0,15,52348.1,Cash,Delivered,2025-06-15,52348.1
125,2025-07-06,Riya,54.0,Pune,Keyboard,Accessories,7,58469.0,5,388818.85,Cash,Processing,2025-07-06,388818.85
126,2025-12-30,Diya,34.0,Delhi,Phone,Electronics,7,35837.0,0,250859.0,UPI,Cancelled,2025-12-30,250859.0
127,2025-04-25,Najrin,32.0,Delhi,Laptop,Electronics,1,46062.0,15,39152.7,Cash,Cancelled,2025-04-25,39152.7
128,2025-09-14,Aarav,24.0,Mumbai,Printer,Office,5,3709.0,5,17617.75,Cash,Processing,2025-09-14,17617.75
129,2025-05-25,Zoya,57.0,Chennai,Printer,Office,1,40352.0,5,38334.4,UPI,Cancelled,2025-05-25,38334.4
130,2025-04-17,Diya,20.0,Chennai,Phone,Electronics,5,49838.0,10,224271.0,Cash,Cancelled,2025-04-17,224271.0
131,2025-11-03,Ayesha,59.0,Delhi,Phone,Electronics,4,26359.0,10,94892.4,Cash,Processing,2025-11-03,94892.4
132,2025-10-20,Rehan,46.0,Bhopal,Printer,Office,6,56110.0,5,319827.0,Cash,Cancelled,2025-10-20,319827.0
133,2025-07-21,Aarav,19.0,Pune,Printer,Office,8,11606.0,0,92848.0,Cash,Delivered,2025-07-21,92848.0
134,2025-01-18,Zoya,55.0,Mumbai,Laptop,Electronics,4,46473.0,0,185892.0,Card,Cancelled,2025-01-18,185892.0
135,2025-11-28,Riya,52.0,Mumbai,Keyboard,Accessories,3,47210.0,0,141630.0,Card,Processing,2025-11-28,141630.0
136,2025-05-04,Riya,60.0,Jaipur,Laptop,Electronics,4,32968.0,0,131872.0,UPI,Delivered,2025-05-04,131872.0
137,2025-11-29,Riya,26.0,Chennai,Phone,Electronics,2,30883.0,0,61766.0,UPI,Delivered,2025-11-29,61766.0
138,2025-02-07,Aarav,24.0,Jaipur,Printer,Office,2,39477.0,5,75006.3,Card,Delivered,2025-02-07,75006.3
139,2025-04-13,Diya,58.0,Chennai,Keyboard,Accessories,3,35251.0,10,95177.7,Cash,Delivered,2025-04-13,95177.7
140,2025-09-14,Kabir,45.0,Mumbai,printer,Office,8,38686.0,10,278539.2,Card,Processing,2025-09-14,278539.2
141,2025-01-01,Ayesha,18.0,Bhopal,Keyboard,Accessories,2,40471.0,15,68800.7,Cash,Processing,2025-01-01,68800.7
142,2025-08-09,Diya,37.0,Mumbai,Keyboard,Accessories,3,57175.0,0,171525.0,UPI,Processing,2025-08-09,171525.0
143,2025-11-21,Najrin,29.0,Mumbai,Laptop,Electronics,6,55055.0,10,297297.0,Cash,Processing,2025-11-21,297297.0
144,2025-09-23,Diya,34.0,Pune,Keyboard,Accessories,7,16814.0,0,117698.0,Card,Processing,2025-09-23,117698.0
145,2025-04-27,Najrin,33.0,Delhi,Phone,Electronics,3,12947.0,0,38841.0,UPI,Processing,2025-04-27,38841.0
146,2025-05-16,Zoya,25.0,Bhopal,Laptop,Electronics,7,45555.0,10,286996.5,UPI,Processing,2025-05-16,286996.5
147,2025-07-29,Rehan,44.0,Chennai,Laptop,Electronics,6,22327.0,0,133962.0,Card,Cancelled,2025-07-29,133962.0
148,2025-02-23,Rehan,52.0,Chennai,Laptop,Electronics,7,8343.0,15,49640.85,Card,Delivered,2025-02-23,49640.85
149,2025-07-18,Diya,34.0,Delhi,Phone,Electronics,5,23481.0,10,105664.5,Card,Cancelled,2025-07-18,105664.5
150,2025-05-05,Diya,45.0,Jaipur,Keyboard,Accessories,4,25447.0,0,101788.0,Card,Processing,2025-05-05,101788.0
151,2025-03-02,Diya,47.0,Jaipur,Keyboard,Accessories,6,52428.0,5,298839.6,Card,Delivered,2025-03-02,298839.6
152,2025-01-09,Zoya,58.0,Bhopal,Printer,Office,5,10249.0,5,48682.75,Cash,Processing,2025-01-09,48682.75
154,2025-12-07,Najrin,29.0,Chennai,Phone,Electronics,3,5322.0,5,15167.7,UPI,Processing,2025-12-07,15167.7
155,2025-06-18,Ayesha,46.0,Bhopal,Laptop,Electronics,6,46685.0,5,266104.5,Card,Delivered,2025-06-18,266104.5
156,2025-12-17,Aarav,51.0,Pune,Keyboard,Accessories,2,24338.0,10,43808.4,Card,Processing,2025-12-17,43808.4
157,2025-03-11,Zoya,23.0,Pune,Keyboard,Accessories,5,30693.0,15,130445.25,UPI,Delivered,2025-03-11,130445.25
158,2025-09-21,Ayesha,49.0,Jaipur,Keyboard,Accessories,7,56897.0,5,378365.05,Cash,Cancelled,2025-09-21,378365.05
160,2025-09-09, Rehan ,18.0,Jaipur,Printer,Office,1,5581.0,10,5022.900000000001,Cash,Delivered,2025-09-09,5022.900000000001
161,2025-04-27,Rehan,45.0,Mumbai,Laptop,Electronics,4,51823.0,10,186562.8,Cash,Cancelled,2025-04-27,186562.8
164,2025-09-20,Ayesha,54.0,Delhi,Phone,Electronics,6,32216.0,15,164301.6,Cash,Processing,2025-09-20,164301.6
165,2025-07-18,Zoya,33.0,Jaipur,Keyboard,Accessories,3,9703.0,5,27653.55,UPI,Cancelled,2025-07-18,27653.55
166,2025-12-23,Ayesha,33.0,Delhi,Laptop,Electronics,3,51860.0,0,155580.0,Card,Processing,2025-12-23,155580.0
167,2025-02-25,Zoya,29.0,Chennai,Laptop,Electronics,8,54984.0,0,439872.0,UPI,Delivered,2025-02-25,439872.0
168,2025-10-07,Riya,33.0,Pune,Printer,Office,6,5467.0,15,27881.7,UPI,Delivered,2025-10-07,27881.7
169,2025-12-20,Zoya,42.0,Chennai,Keyboard,Accessories,8,57010.0,15,387668.0,Card,Cancelled,2025-12-20,387668.0
170,2025-06-21,Zoya,57.0,Bhopal,Keyboard,Accessories,five,36212.0,0,217272.0,UPI,Delivered,2025-06-21,217272.0
171,2025-06-01,Riya,22.0,Bhopal,Keyboard,Accessories,2,29135.0,5,55356.5,Cash,Processing,2025-06-01,55356.5
172,2025-09-17,Diya,44.0,Jaipur,Phone,Electronics,3,36174.0,0,108522.0,Card,Delivered,2025-09-17,108522.0
173,2025-05-01,Rehan,43.0,Pune,Printer,Office,5,10646.0,15,45245.5,Cash,Processing,2025-05-01,45245.5
174,2025-07-28,Aarav,43.0,Pune,Laptop,Electronics,7,5086.0,0,35602.0,UPI,Processing,2025-07-28,35602.0
175,2025-08-10,Diya,29.0,Jaipur,Laptop,Electronics,7,34181.0,5,227303.65,Cash,Delivered,2025-08-10,227303.65
176,2025-12-21,Ayesha,46.0,Chennai,Laptop,Electronics,8,2146.0,15,14592.8,Cash,Processing,2025-12-21,14592.8
177,2025-09-27,Zoya,47.0,Pune,Laptop,Electronics,4,35249.0,0,140996.0,Cash,Delivered,2025-09-27,140996.0
178,2025-11-09,Kabir,48.0,Jaipur,Phone,Electronics,5,20692.0,15,87941.0,Cash,Cancelled,2025-11-09,87941.0
179,2025-09-13,Najrin,28.0,Bhopal,Laptop,Electronics,7,21587.0,0,151109.0,Cash,Processing,2025-09-13,151109.0
180,2025-02-26,Zoya,25.0,Pune,Phone,Electronics,6,15001.0,0,90006.0,Card,Cancelled,2025-02-26,90006.0
181,2025-08-22,Diya,38.0,Mumbai,Keyboard,Accessories,3,37319.0,10,100761.3,UPI,Delivered,2025-08-22,100761.3
183,2025-09-23,Kabir,43.0,Pune,Laptop,Electronics,1,12662.0,10,11395.8,Cash,Cancelled,2025-09-23,11395.8
185,2025-02-12,Diya,39.0,Chennai,Keyboard,Accessories,8,35566.0,0,284528.0,Cash,Processing,2025-02-12,284528.0
186,2025-07-23,Diya,56.0,Chennai,Phone,Electronics,3,52724.0,5,150263.4,Card,Delivered,2025-07-23,150263.4
187,2025-10-18,Riya,56.0,Jaipur,Laptop,Electronics,8,57207.0,10,411890.4,Cash,Delivered,2025-10-18,411890.4
188,2025-10-23,Rehan,58.0,Mumbai,Keyboard,Accessories,6,49122.0,0,294732.0,UPI,Delivered,2025-10-23,294732.0
189,2025-10-20,Ayesha,50.0,Pune,Printer,Office,1,43250.0,15,36762.5,Card,Delivered,2025-10-20,36762.5
190,2025-12-09,Kabir,45.0,Chennai,Keyboard,Accessories,4,25620.0,5,97356.0,Card,Cancelled,2025-12-09,97356.0
191,2025-07-17,Zoya,21.0,Pune,Printer,Office,8,38747.0,10,278978.4,Cash,Delivered,2025-07-17,278978.4
193,2025-05-20,Riya,33.0,Jaipur,Laptop,Electronics,7,39634.0,15,235822.3,Cash,Cancelled,2025-05-20,235822.3
194,2025-07-02,Zoya,21.0,Bhopal,Laptop,Electronics,7,58234.0,0,407638.0,Cash,Cancelled,2025-07-02,407638.0
196,2025-04-08,Zoya,38.0,Bhopal,Keyboard,Accessories,7,7212.0,0,50484.0,Cash,Processing,2025-04-08,50484.0
197,2025-08-27,Najrin,38.0,Bhopal,Printer,Office,1,26649.0,10,23984.1,Cash,Delivered,2025-08-27,23984.1
198,2025-11-12,Riya,37.0,Bhopal,Printer,Office,1,50566.0,10,45509.4,Cash,Delivered,2025-11-12,45509.4
199,2025-12-22,Zoya,51.0,Delhi,Printer,Office,6,50080.0,15,255408.0,Cash,Processing,2025-12-22,255408.0
200,2025-12-27,Diya,20.0,Jaipur,Printer,Office,8,12974.0,5,98602.4,UPI,Cancelled,2025-12-27,98602.4
201,2025-03-19,Zoya,27.0,Chennai,Keyboard,Accessories,8,14842.0,10,106862.4,UPI,Delivered,2025-03-19,106862.4
202,2025-10-13,Aarav,60.0,Jaipur,Phone,Electronics,5,41873.0,15,177960.25,Cash,Delivered,2025-10-13,177960.25
203,2025-04-03, Riya ,44.0,Jaipur,Keyboard,Accessories,6,12533.0,10,67678.2,Cash,Delivered,2025-04-03,67678.2
204,2025-10-22,Riya,53.0,Jaipur,Keyboard,Accessories,5,49397.0,0,246985.0,Cash,Cancelled,2025-10-22,246985.0
205,2025-04-12,Riya,48.0,Delhi,Printer,Office,1,33875.0,5,32181.25,Card,Cancelled,2025-04-12,32181.25
206,2025-07-03,Najrin,19.0,Jaipur,Printer,Office,3,42179.0,15,107556.45,Cash,Processing,2025-07-03,107556.45
207,2025-03-06,Najrin,21.0,Delhi,Laptop,Electronics,6,11561.0,10,62429.4,Cash,Delivered,2025-03-06,62429.4
208,2025-02-12,Rehan,41.0,Chennai,Printer,Office,5,12691.0,5,60282.25,Card,Processing,2025-02-12,60282.25
209,2025-06-17,Kabir,56.0,Chennai,Keyboard,Accessories,8,6758.0,5,51360.8,Cash,Cancelled,2025-06-17,51360.8
210,2025-12-23,Najrin,49.0,Jaipur,Keyboard,Accessories,1,25701.0,10,23130.9,Card,Cancelled,2025-12-23,23130.9
211,2025-12-03,Rehan,54.0,Pune,Keyboard,Accessories,2,38743.0,15,65863.09999999999,Cash,Delivered,2025-12-03,65863.09999999999
213,2025-08-13,Diya,22.0,Delhi,Keyboard,Accessories,4,43384.0,0,173536.0,UPI,Delivered,2025-08-13,173536.0
214,2025-09-23, Ayesha ,45.0,Chennai,Keyboard,Accessories,7,17240.0,0,120680.0,Cash,Delivered,2025-09-23,120680.0
215,2025-07-05,Diya,40.0,Pune,Keyboard,Accessories,7,58322.0,10,367428.6,Cash,Cancelled,2025-07-05,367428.6
216,2025-10-04,Kabir,18.0,Jaipur,Phone,Electronics,4,7351.0,10,26463.6,Card,Processing,2025-10-04,26463.6
217,2025-08-06,Aarav,49.0,Bhopal,Printer,Office,6,35217.0,10,190171.8,Card,Cancelled,2025-08-06,190171.8
218,2025-05-09,Kabir,44.0,Chennai,Laptop,Electronics,2,44531.0,5,84608.9,UPI,Delivered,2025-05-09,84608.9
219,2025-03-19,Zoya,53.0,Delhi,Laptop,Electronics,5,31021.0,15,131839.25,UPI,Cancelled,2025-03-19,131839.25
220,2025-01-18,Riya,18.0,Mumbai,Phone,Electronics,1,38745.0,15,32933.25,Card,Processing,2025-01-18,32933.25
221,2025-09-14,Aarav,22.0,Bhopal,Phone,Electronics,2,24159.0,5,45902.1,Card,Delivered,2025-09-14,45902.1
222,2025-12-29,Zoya,44.0,Delhi,Laptop,Electronics,1,56176.0,10,50558.4,Cash,Cancelled,2025-12-29,50558.4
223,2025-12-19,Aarav,22.0,Chennai,Keyboard,Accessories,7,30924.0,5,205644.6,Cash,Processing,2025-12-19,205644.6
224,2025-09-24,Zoya,23.0,Mumbai,Keyboard,Accessories,1,2912.0,0,2912.0,Card,Delivered,2025-09-24,2912.0
225,2025-12-05,Ayesha,46.0,Chennai,Printer,Office,4,37385.0,0,149540.0,Cash,Delivered,2025-12-05,149540.0
226,2025-03-20,Najrin,44.0,Chennai,Laptop,Electronics,8,7646.0,15,51992.8,Cash,Delivered,2025-03-20,51992.8
227,2025-03-27,Rehan,29.0,Jaipur,Phone,Electronics,5,30901.0,10,139054.5,UPI,Processing,2025-03-27,139054.5
229,2025-08-01,Kabir,54.0,Jaipur,Phone,Electronics,five,28084.0,5,53359.6,Cash,Delivered,2025-08-01,53359.6
230,2025-05-08,Kabir,42.0,Jaipur,Phone,Electronics,1,33396.0,15,28386.6,UPI,Delivered,2025-05-08,28386.6
231,2025-02-22,Zoya,30.0,Mumbai,Keyboard,Accessories,2,12490.0,10,22482.0,Card,Cancelled,2025-02-22,22482.0
233,2025-04-26,Rehan,44.0,Jaipur,Keyboard,Accessories,3,55441.0,15,141374.55,Cash,Cancelled,2025-04-26,141374.55
234,2025-07-09,Aarav,18.0,Chennai,Phone,Electronics,2,3148.0,5,5981.2,Cash,Processing,2025-07-09,5981.2
235,2025-05-30,Rehan,19.0,Delhi,Keyboard,Accessories,4,29234.0,0,116936.0,UPI,Delivered,2025-05-30,116936.0
236,2025-12-26,Najrin,18.0,Delhi,Printer,Office,8,52009.0,5,395268.4,UPI,Cancelled,2025-12-26,395268.4
237,2025-04-14,Aarav,22.0,Mumbai,Printer,Office,5,18495.0,0,92475.0,UPI,Delivered,2025-04-14,92475.0
238,2025-03-13,Aarav,24.0,Pune,printer,Office,8,50529.0,15,343597.2,Cash,Processing,2025-03-13,343597.2
239,2025-10-21,Diya,23.0,Mumbai,Laptop,Electronics,five,59469.0,10,374654.7,Card,Delivered,2025-10-21,374654.7
240,2025-07-01,Rehan,45.0,Jaipur,Phone,Electronics,3,56257.0,5,160332.45,Card,Cancelled,2025-07-01,160332.45
241,2025-03-06,Diya,46.0,Bhopal,Keyboard,Accessories,2,529.0,15,899.3,Cash,Cancelled,2025-03-06,899.3
242,2025-07-30,Najrin,52.0,Pune,Phone,Electronics,1,55843.0,0,55843.0,Cash,Cancelled,2025-07-30,55843.0
244,2025-03-26,Aarav,26.0,Chennai,Phone,Electronics,5,55358.0,5,262950.5,Cash,Delivered,2025-03-26,262950.5
246,2025-02-18,Zoya,47.0,Jaipur,Phone,Electronics,7,18698.0,15,111253.1,Card,Processing,2025-02-18,111253.1
247,2025-07-19,Riya,59.0,Bhopal,Keyboard,Accessories,2,8012.0,5,15222.8,Card,Cancelled,2025-07-19,15222.8
249,2025-06-07,Zoya,54.0,Jaipur,Printer,Office,3,48546.0,10,131074.2,UPI,Cancelled,2025-06-07,131074.2
250,2025-01-13,Zoya,50.0,Jaipur,Keyboard,Accessories,7,19589.0,5,130266.85,Cash,Cancelled,2025-01-13,130266.85
251,2025-09-19,Aarav,56.0,Delhi,Phone,Electronics,5,43716.0,0,218580.0,Cash,Delivered,2025-09-19,218580.0
254,2025-06-27,Ayesha,35.0,Mumbai,Phone,Electronics,8,59375.0,10,427500.0,Card,Cancelled,2025-06-27,427500.0
255,2025-12-18,Diya,41.0,Mumbai,Keyboard,Accessories,5,9336.0,0,46680.0,Card,Cancelled,2025-12-18,46680.0
256,2025-08-08,Zoya,35.0,Jaipur,Printer,Office,6,35233.0,5,200828.1,Cash,Delivered,2025-08-08,200828.1
257,2025-12-24,Aarav,33.0,Pune,Keyboard,Accessories,2,18012.0,10,32421.6,Card,Delivered,2025-12-24,32421.6
258,2025-04-07,Diya,30.0,Mumbai,Printer,Office,2,21137.0,5,40160.3,Card,Processing,2025-04-07,40160.3
259,2025-10-27,Kabir,33.0,Bhopal,Printer,Office,6,16143.0,5,92015.1,Cash,Cancelled,2025-10-27,92015.1
260,2025-01-04,Najrin,23.0,Bhopal,Laptop,Electronics,8,51534.0,0,412272.0,Card,Delivered,2025-01-04,412272.0
262,2025-08-06,Najrin,47.0,Delhi,Phone,Electronics,8,27018.0,15,183722.4,Cash,Cancelled,2025-08-06,183722.4
263,2025-10-25,Kabir,49.0,Chennai,Phone,Electronics,7,922.0,5,6131.299999999999,UPI,Delivered,2025-10-25,6131.299999999999
264,2025-05-14,Najrin,19.0,Pune,keyboard,Accessories,7,2991.0,0,20937.0,UPI,Delivered,2025-05-14,20937.0
265,2025-06-19,Rehan,28.0,Pune,Phone,Electronics,1,57421.0,0,57421.0,UPI,Delivered,2025-06-19,57421.0
266,2025-07-30,Ayesha,18.0,Bhopal,Printer,Office,6,24508.0,0,147048.0,UPI,Cancelled,2025-07-30,147048.0
267,2025-05-25,Rehan,42.0,Pune,Printer,Office,five,49227.0,5,140296.95,UPI,Processing,2025-05-25,140296.95
268,2025-09-22,Zoya,32.0,Mumbai,Printer,Office,7,16469.0,0,115283.0,UPI,Cancelled,2025-09-22,115283.0
269,2025-04-06,Najrin,23.0,Mumbai,Phone,Electronics,8,36067.0,0,288536.0,Cash,Processing,2025-04-06,288536.0
270,2025-12-03,Aarav,49.0,Jaipur,Phone,Electronics,1,18827.0,5,17885.65,Cash,Cancelled,2025-12-03,17885.65
271,2025-09-18,Zoya,40.0,Jaipur,Phone,Electronics,7,15067.0,0,105469.0,UPI,Cancelled,2025-09-18,105469.0
272,2025-04-06,Zoya,28.0,Jaipur,Laptop,Electronics,1,5415.0,15,4602.75,Card,Processing,2025-04-06,4602.75
274,2025-10-04,Rehan,49.0,Jaipur,Phone,Electronics,7,22609.0,0,158263.0,UPI,Processing,2025-10-04,158263.0
275,2025-05-05,Ayesha,35.0,Pune,Phone,Electronics,3,5630.0,0,16890.0,Cash,Processing,2025-05-05,16890.0
276,2025-10-29,Ayesha,19.0,Jaipur,Laptop,Electronics,8,1332.0,10,9590.4,Cash,Processing,2025-10-29,9590.4
277,2025-10-22,Riya,43.0,Chennai,Laptop,Electronics,5,16572.0,0,82860.0,UPI,Processing,2025-10-22,82860.0
278,2025-09-18,Aarav,53.0,Delhi,Printer,Office,4,33376.0,5,126828.8,Cash,Cancelled,2025-09-18,126828.8
281,2025-10-03,Riya,50.0,Bhopal,Phone,Electronics,7,13870.0,0,97090.0,UPI,Processing,2025-10-03,97090.0
283,2025-08-01,Riya,26.0,Delhi,Phone,Electronics,3,49670.0,5,141559.5,UPI,Cancelled,2025-08-01,141559.5
284,2025-10-10,Ayesha,25.0,Pune,Printer,Office,5,17440.0,10,78480.0,UPI,Cancelled,2025-10-10,78480.0
285,2025-08-27,Ayesha,58.0,Pune,Laptop,Electronics,7,42636.0,10,268606.8,UPI,Processing,2025-08-27,268606.8
286,2025-11-13,Kabir,58.0,Mumbai,Keyboard,Accessories,5,8878.0,15,37731.5,Card,Delivered,2025-11-13,37731.5
287,2025-03-06,Rehan,27.0,Delhi,Laptop,Electronics,1,43407.0,15,36895.95,Card,Processing,2025-03-06,36895.95
288,2025-09-12,Ayesha,41.0,Bhopal,Keyboard,Accessories,6,47607.0,0,285642.0,Cash,Processing,2025-09-12,285642.0
289,2025-08-07,Rehan,30.0,Jaipur,Phone,Electronics,1,12860.0,10,11574.0,UPI,Processing,2025-08-07,11574.0
290,2025-02-24,Diya,53.0,Pune,Printer,Office,6,37606.0,10,203072.4,Card,Cancelled,2025-02-24,203072.4
291,2025-07-14,Aarav,26.0,Pune,Laptop,Electronics,7,9736.0,0,68152.0,Cash,Delivered,2025-07-14,68152.0
292,2025-12-09,Riya,60.0,Mumbai,Laptop,Electronics,4,52480.0,0,209920.0,UPI,Processing,2025-12-09,209920.0
293,2025-11-07,Aarav,57.0,Jaipur,Printer,Office,8,30586.0,15,207984.8,Cash,Processing,2025-11-07,207984.8
296,2025-01-17,Zoya,59.0,Bhopal,keyboard,Accessories,8,56179.0,10,404488.8,Cash,Processing,2025-01-17,404488.8
297,2025-05-18,Kabir,29.0,Delhi,Printer,Office,5,38297.0,10,172336.5,UPI,Delivered,2025-05-18,172336.5
298,2025-08-18,Aarav,19.0,Mumbai,Printer,Office,1,13985.0,10,12586.5,Card,Delivered,2025-08-18,12586.5
299,2025-10-09,Diya,20.0,Bhopal,Phone,Electronics,6,14464.0,10,78105.6,Cash,Delivered,2025-10-09,78105.6
300,2025-09-19,Kabir,28.0,Mumbai,Keyboard,Accessories,6,9992.0,0,59952.0,Cash,Processing,2025-09-19,59952.0
301,2025-09-12,Riya,42.0,Chennai,Laptop,Electronics,3,34185.0,0,102555.0,UPI,Cancelled,2025-09-12,102555.0
302,2025-06-03,Zoya,60.0,Mumbai,Keyboard,Accessories,7,7172.0,15,42673.4,UPI,Delivered,2025-06-03,42673.4
303,2025-11-17,Najrin,37.0,Bhopal,Keyboard,Accessories,8,34350.0,15,233580.0,Cash,Processing,2025-11-17,233580.0
304,2025-08-04,Riya,48.0,Pune,Phone,Electronics,7,47173.0,5,313700.45,Card,Processing,2025-08-04,313700.45
305,2025-09-06,Najrin,44.0,Chennai,Phone,Electronics,7,24507.0,15,145816.65,Card,Cancelled,2025-09-06,145816.65
306,2025-12-12,Zoya,19.0,Jaipur,Printer,Office,4,48560.0,10,174816.0,UPI,Delivered,2025-12-12,174816.0
307,2025-08-09,Najrin,36.0,Pune,Keyboard,Accessories,3,57141.0,15,145709.55,UPI,Processing,2025-08-09,145709.55
308,2025-06-27,Ayesha,56.0,Delhi,Laptop,Electronics,4,53017.0,15,180257.8,Card,Delivered,2025-06-27,180257.8
309,2025-08-11,Aarav,49.0,Pune,Phone,Electronics,4,35268.0,10,126964.8,UPI,Delivered,2025-08-11,126964.8
310,2025-04-11,Riya,19.0,Pune,Phone,Electronics,8,57333.0,0,458664.0,Cash,Cancelled,2025-04-11,458664.0
311,2025-10-11,Kabir,36.0,Jaipur,Printer,Office,5,19367.0,10,87151.5,Card,Delivered,2025-10-11,87151.5
312,2025-05-05,Najrin,46.0,Jaipur,Laptop,Electronics,2,27155.0,5,51594.5,Card,Processing,2025-05-05,51594.5
313,2025-06-27,Aarav,59.0,Bhopal,Phone,Electronics,2,22633.0,10,40739.4,UPI,Delivered,2025-06-27,40739.4
314,2025-10-10,Rehan,34.0,Mumbai,Keyboard,Accessories,3,39425.0,5,112361.25,Card,Processing,2025-10-10,112361.25
315,2025-11-19,Diya,23.0,Mumbai,Printer,Office,1,26781.0,10,24102.9,Cash,Processing,2025-11-19,24102.9
317,2025-04-30,Rehan,30.0,Jaipur,Printer,Office,4,31468.0,5,119578.4,Cash,Cancelled,2025-04-30,119578.4
319,2025-09-13,Diya,20.0,Delhi,Laptop,Electronics,3,51445.0,0,154335.0,Cash,Processing,2025-09-13,154335.0
320,2025-07-04,Rehan,42.0,Delhi,Printer,Office,4,1873.0,5,7117.4,UPI,Delivered,2025-07-04,7117.4
321,2025-10-15,Kabir,39.0,Jaipur,Printer,Office,3,32221.0,15,82163.55,UPI,Delivered,2025-10-15,82163.55
322,2025-03-02,Najrin,40.0,Mumbai,Phone,Electronics,7,46008.0,5,305953.2,Cash,Processing,2025-03-02,305953.2
323,2025-01-29,Rehan,37.0,Bhopal,Keyboard,Accessories,4,22084.0,0,88336.0,UPI,Processing,2025-01-29,88336.0
324,2025-06-13,Rehan,60.0,Bhopal,Printer,Office,5,49427.0,10,222421.5,Card,Processing,2025-06-13,222421.5
325,2025-07-24,Aarav,37.0,Pune,Printer,Office,7,43028.0,5,286136.2,UPI,Cancelled,2025-07-24,286136.2
326,2025-03-17,Diya,59.0,Pune,Phone,Electronics,five,59331.0,15,100862.7,UPI,Delivered,2025-03-17,100862.7
327,2025-03-26,Zoya,35.0,Bhopal,Phone,Electronics,3,49661.0,10,134084.7,Card,Delivered,2025-03-26,134084.7
328,2025-07-17,Zoya,27.0,Pune,Laptop,Electronics,7,47293.0,0,331051.0,Cash,Cancelled,2025-07-17,331051.0
329,2025-02-12,Diya,44.0,Delhi,Laptop,Electronics,6,28581.0,5,162911.7,Card,Cancelled,2025-02-12,162911.7
330,2025-05-04,Najrin,28.0,Mumbai,Laptop,Electronics,1,28878.0,15,24546.3,Card,Delivered,2025-05-04,24546.3
331,2025-10-03,Aarav,18.0,Mumbai,Phone,Electronics,6,14160.0,0,84960.0,Card,Cancelled,2025-10-03,84960.0
333,2025-11-01,Rehan,38.0,Delhi,Phone,Electronics,6,34668.0,0,208008.0,Card,Delivered,2025-11-01,208008.0
334,2025-09-12,Riya,42.0,Mumbai,keyboard,Accessories,3,50526.0,5,143999.1,Card,Delivered,2025-09-12,143999.1
337,2025-08-31,Ayesha,26.0,Bhopal,Phone,Electronics,4,29026.0,5,110298.8,Card,Processing,2025-08-31,110298.8
338,2025-06-30,Najrin,23.0,Pune,Printer,Office,8,59074.0,5,448962.4,Card,Delivered,2025-06-30,448962.4
339,2025-05-20,Kabir,40.0,Chennai,Phone,Electronics,2,36270.0,0,72540.0,UPI,Processing,2025-05-20,72540.0
341,2025-11-23,Zoya,38.0,Mumbai,Laptop,Electronics,1,9922.0,15,8433.699999999999,UPI,Delivered,2025-11-23,8433.699999999999
342,2025-12-04,Zoya,45.0,Pune,Phone,Electronics,five,19767.0,0,98835.0,Cash,Delivered,2025-12-04,98835.0
343,2025-10-28,Zoya,56.0,Bhopal,Laptop,Electronics,6,18189.0,10,98220.6,Card,Cancelled,2025-10-28,98220.6
345,2025-04-23,Najrin,38.0,Bhopal,Laptop,Electronics,5,8010.0,10,36045.0,Card,Delivered,2025-04-23,36045.0
346,2025-04-28,Najrin,33.0,Delhi,Phone,Electronics,4,58906.0,15,200280.4,Card,Processing,2025-04-28,200280.4
347,2025-04-11,Rehan,38.0,Jaipur,Phone,Electronics,5,4753.0,5,22576.75,UPI,Delivered,2025-04-11,22576.75
348,2025-02-23,Zoya,53.0,Chennai,Keyboard,Accessories,5,15370.0,10,69165.0,Card,Delivered,2025-02-23,69165.0
349,2025-08-22,Kabir,37.0,Chennai,Phone,Electronics,5,2201.0,0,11005.0,UPI,Delivered,2025-08-22,11005.0
351,2025-12-17,Najrin,18.0,Chennai,Keyboard,Accessories,5,42333.0,10,190498.5,Cash,Delivered,2025-12-17,190498.5
352,2025-03-15,Zoya,48.0,Jaipur,Keyboard,Accessories,7,9668.0,15,57524.6,Card,Delivered,2025-03-15,57524.6
353,2025-06-16,Ayesha,34.0,Chennai,Keyboard,Accessories,5,45105.0,0,225525.0,Cash,Cancelled,2025-06-16,225525.0
354,2025-08-31,Aarav,28.0,Bhopal,Phone,Electronics,5,51140.0,0,255700.0,Cash,Cancelled,2025-08-31,255700.0
355,2025-09-27,Najrin,27.0,Chennai,Keyboard,Accessories,7,36439.0,5,242319.35,Card,Processing,2025-09-27,242319.35
356,2025-12-10,Najrin,38.0,Delhi,Keyboard,Accessories,8,58309.0,15,396501.2,Card,Cancelled,2025-12-10,396501.2
357,2025-08-30,Najrin,36.0,Chennai,Printer,Office,5,6115.0,10,27517.5,UPI,Delivered,2025-08-30,27517.5
358,2025-05-21,Diya,21.0,Pune,Keyboard,Accessories,8,32234.0,0,257872.0,Card,Cancelled,2025-05-21,257872.0
359,2025-05-07,Ayesha,35.0,Bhopal,Laptop,Electronics,five,47729.0,10,128868.3,Cash,Delivered,2025-05-07,128868.3
360,2025-05-18,Diya,28.0,Bhopal,Phone,Electronics,7,24867.0,5,165365.55,Card,Processing,2025-05-18,165365.55
361,2025-08-25,Aarav,56.0,Pune,Phone,Electronics,7,50932.0,0,356524.0,Cash,Processing,2025-08-25,356524.0
362,2025-01-30,Ayesha,38.0,Delhi,Phone,Electronics,4,47385.0,15,161109.0,Cash,Delivered,2025-01-30,161109.0
363,2025-11-22,Najrin,37.0,Delhi,Printer,Office,4,38899.0,15,132256.6,UPI,Cancelled,2025-11-22,132256.6
364,2025-04-12,Aarav,55.0,Mumbai,Printer,Office,5,39776.0,15,169048.0,UPI,Processing,2025-04-12,169048.0
365,2025-12-27,Najrin,29.0,Mumbai,Printer,Office,7,16751.0,15,99668.45,Cash,Processing,2025-12-27,99668.45
367,2025-02-21,Ayesha,57.0,Mumbai,Keyboard,Accessories,8,45821.0,5,348239.6,Cash,Cancelled,2025-02-21,348239.6
368,2025-04-02,Diya,21.0,Bhopal,Keyboard,Accessories,6,59701.0,0,358206.0,Cash,Cancelled,2025-04-02,358206.0
369,2025-01-26,Ayesha,51.0,Pune,Keyboard,Accessories,5,31833.0,5,151206.75,Card,Delivered,2025-01-26,151206.75
371,2025-11-12,Rehan,20.0,Chennai,Phone,Electronics,7,40105.0,10,252661.5,Card,Delivered,2025-11-12,252661.5
372,2025-11-27,Kabir,24.0,Delhi,Phone,Electronics,4,56776.0,15,193038.4,Card,Processing,2025-11-27,193038.4
373,2025-11-09,Rehan,41.0,Jaipur,Laptop,Electronics,6,57120.0,10,308448.0,Card,Delivered,2025-11-09,308448.0
375,2025-06-15, Ayesha ,38.0,Jaipur,Phone,Electronics,1,52654.0,15,44755.9,UPI,Delivered,2025-06-15,44755.9
376,2025-03-07,Ayesha,21.0,Jaipur,Phone,Electronics,2,12835.0,15,21819.5,UPI,Delivered,2025-03-07,21819.5
377,2025-08-14,Riya,51.0,Jaipur,Printer,Office,5,15558.0,10,70011.0,Card,Cancelled,2025-08-14,70011.0
378,2025-03-04,Aarav,20.0,Chennai,Laptop,Electronics,five,58303.0,15,198230.2,Cash,Cancelled,2025-03-04,198230.2
381,2025-08-07,Rehan,38.0,Bhopal,Printer,Office,3,48696.0,5,138783.6,Cash,Delivered,2025-08-07,138783.6
382,2025-09-26,Rehan,31.0,Bhopal,Laptop,Electronics,1,25265.0,0,25265.0,UPI,Processing,2025-09-26,25265.0
383,2025-01-14,Kabir,33.0,Mumbai,Laptop,Electronics,2,34068.0,15,57915.6,Cash,Processing,2025-01-14,57915.6
384,2025-07-17,Najrin,33.0,Jaipur,Phone,Electronics,8,18805.0,0,150440.0,UPI,Delivered,2025-07-17,150440.0
385,2025-02-23,Rehan,39.0,Pune,Printer,Office,7,22869.0,10,144074.7,Cash,Delivered,2025-02-23,144074.7
387,2025-11-02,Rehan,45.0,Delhi,Keyboard,Accessories,7,17163.0,10,108126.9,Card,Processing,2025-11-02,108126.9
388,2025-05-12,Ayesha,42.0,Jaipur,Laptop,Electronics,7,47759.0,10,300881.7,UPI,Cancelled,2025-05-12,300881.7
389,2025-04-11,Ayesha,52.0,Mumbai,Phone,Electronics,8,59017.0,0,472136.0,Cash,Delivered,2025-04-11,472136.0
391,2025-09-09,Aarav,24.0,Chennai,Printer,Office,6,41551.0,0,249306.0,Card,Cancelled,2025-09-09,249306.0
392,2025-03-21,Najrin,56.0,Chennai,Printer,Office,2,23934.0,10,43081.2,UPI,Cancelled,2025-03-21,43081.2
393,2025-11-07,Riya,35.0,Jaipur,Phone,Electronics,4,51706.0,15,175800.4,UPI,Delivered,2025-11-07,175800.4
396,2025-08-25,Aarav,50.0,Bhopal,Printer,Office,5,21071.0,5,100087.25,Cash,Cancelled,2025-08-25,100087.25
398,2025-11-30,Diya,40.0,Chennai,Laptop,Electronics,6,18881.0,15,96293.1,UPI,Delivered,2025-11-30,96293.1
399,2025-03-16,Diya,25.0,Mumbai,Keyboard,Accessories,8,27212.0,5,206811.2,Card,Cancelled,2025-03-16,206811.2
400,2025-05-23,Rehan,49.0,Jaipur,Keyboard,Accessories,5,25867.0,5,122868.25,Cash,Cancelled,2025-05-23,122868.25
401,2025-12-03,Riya,58.0,Mumbai,Keyboard,Accessories,7,18532.0,0,129724.0,Card,Processing,2025-12-03,129724.0
402,2025-02-08,Rehan,60.0,Chennai,Laptop,Electronics,4,3007.0,5,11426.6,Cash,Cancelled,2025-02-08,11426.6
403,2025-02-08,Aarav,25.0,Bhopal,Printer,Office,4,46250.0,5,175750.0,Card,Processing,2025-02-08,175750.0
404,2025-06-15,Rehan,39.0,Mumbai,Laptop,Electronics,1,14690.0,10,13221.0,Card,Processing,2025-06-15,13221.0
405,2025-08-06,Rehan,41.0,Pune,Laptop,Electronics,6,58295.0,15,297304.5,Card,Cancelled,2025-08-06,297304.5
406,2025-02-16,Zoya,36.0,Bhopal,Keyboard,Accessories,7,4645.0,15,27637.75,Card,Cancelled,2025-02-16,27637.75
407,2025-03-29,Kabir,20.0,Jaipur,Keyboard,Accessories,4,25981.0,5,98727.8,Card,Cancelled,2025-03-29,98727.8
408,2025-09-02,Zoya,25.0,Pune,Keyboard,Accessories,8,44299.0,15,301233.2,UPI,Cancelled,2025-09-02,301233.2
409,2025-05-12,Diya,35.0,Chennai,Keyboard,Accessories,5,17392.0,15,73916.0,Cash,Delivered,2025-05-12,73916.0
410,2025-01-24,Ayesha,51.0,Jaipur,Phone,Electronics,5,19258.0,10,86661.0,Card,Processing,2025-01-24,86661.0
411,2025-11-11,Najrin,23.0,Pune,Printer,Office,five,34809.0,15,147938.25,UPI,Delivered,2025-11-11,147938.25
412,2025-12-01,Diya,51.0,Delhi,Phone,Electronics,8,19959.0,0,159672.0,Cash,Cancelled,2025-12-01,159672.0
415,2025-07-25,Najrin,50.0,Mumbai,Phone,Electronics,2,41681.0,10,75025.8,Cash,Cancelled,2025-07-25,75025.8
416,2025-09-17,Najrin,52.0,Pune,Phone,Electronics,5,30783.0,15,130827.75,UPI,Delivered,2025-09-17,130827.75
417,2025-01-06,Najrin,57.0,Mumbai,Phone,Electronics,1,12787.0,15,10868.95,Cash,Processing,2025-01-06,10868.95
418,2025-09-03,Aarav,46.0,Bhopal,Phone,Electronics,4,50145.0,15,170493.0,Cash,Cancelled,2025-09-03,170493.0
419,2025-04-22,Riya,32.0,Delhi,Phone,Electronics,6,55346.0,0,332076.0,Card,Delivered,2025-04-22,332076.0
421,2025-03-15,Najrin,46.0,Pune,Printer,Office,1,20220.0,15,17187.0,UPI,Cancelled,2025-03-15,17187.0
423,2025-08-27,Ayesha,20.0,Pune,Phone,Electronics,1,25141.0,15,21369.85,Cash,Cancelled,2025-08-27,21369.85
424,2025-03-29,Riya,59.0,Bhopal,Laptop,Electronics,3,33292.0,10,89888.40000000001,Cash,Processing,2025-03-29,89888.40000000001
425,2025-10-23,Rehan,34.0,Delhi,Phone,Electronics,3,562.0,10,1517.4,Cash,Cancelled,2025-10-23,1517.4
427,2025-01-21,Diya,23.0,Jaipur,Keyboard,Accessories,4,47851.0,5,181833.8,UPI,Delivered,2025-01-21,181833.8
429,2025-12-29,Riya,42.0,Delhi,Printer,Office,6,58189.0,5,331677.3,UPI,Delivered,2025-12-29,331677.3
430,2025-01-07,Aarav,35.0,Bhopal,Printer,Office,7,2010.0,0,14070.0,UPI,Cancelled,2025-01-07,14070.0
431,2025-11-26,Ayesha,56.0,Jaipur,Laptop,Electronics,8,831.0,10,5983.2,UPI,Delivered,2025-11-26,5983.2
432,2025-09-20,Riya,35.0,Mumbai,Phone,Electronics,8,7391.0,0,59128.0,Cash,Delivered,2025-09-20,59128.0
433,2025-04-25,Riya,34.0,Pune,Printer,Office,3,47229.0,15,120433.95,Card,Cancelled,2025-04-25,120433.95
434,2025-03-27,Zoya,21.0,Bhopal,Laptop,Electronics,5,33697.0,0,168485.0,UPI,Cancelled,2025-03-27,168485.0
435,2025-04-21,Zoya,18.0,Mumbai,Keyboard,Accessories,1,51807.0,10,46626.3,UPI,Delivered,2025-04-21,46626.3
436,2025-01-31,Diya,29.0,Delhi,Phone,Electronics,4,56133.0,10,202078.8,Card,Processing,2025-01-31,202078.8
437,2025-03-11,Zoya,26.0,Delhi,Printer,Office,2,32343.0,5,61451.7,Cash,Cancelled,2025-03-11,61451.7
438,2025-11-20,Aarav,40.0,Jaipur,Phone,Electronics,8,22561.0,5,171463.6,Card,Delivered,2025-11-20,171463.6
439,2025-06-29,Diya,40.0,Delhi,Keyboard,Accessories,6,44383.0,10,239668.2,UPI,Delivered,2025-06-29,239668.2
441,2025-03-19,Najrin,21.0,Delhi,Keyboard,Accessories,5,1671.0,0,8355.0,Cash,Processing,2025-03-19,8355.0
442,2025-10-01,Rehan,33.0,Chennai,Printer,Office,4,39176.0,0,156704.0,UPI,Cancelled,2025-10-01,156704.0
443,2025-08-14,Ayesha,60.0,Delhi,Keyboard,Accessories,2,18991.0,15,32284.7,Card,Delivered,2025-08-14,32284.7
445,2025-05-17,Riya,57.0,Bhopal,Printer,Office,3,32193.0,10,86921.1,Cash,Cancelled,2025-05-17,86921.1
446,2025-07-01,Kabir,59.0,Bhopal,Phone,Electronics,five,37451.0,0,262157.0,Card,Delivered,2025-07-01,262157.0
447,2025-09-18,Rehan,52.0,Pune,Phone,Electronics,7,3861.0,0,27027.0,Cash,Delivered,2025-09-18,27027.0
448,2025-05-20,Ayesha,56.0,Jaipur,Laptop,Electronics,1,58462.0,10,52615.8,UPI,Cancelled,2025-05-20,52615.8
449,2025-04-04,Aarav,35.0,Pune,Keyboard,Accessories,8,59745.0,10,430164.0,Card,Processing,2025-04-04,430164.0
450,2025-12-11,Najrin,22.0,Jaipur,Keyboard,Accessories,2,29763.0,15,50597.1,UPI,Delivered,2025-12-11,50597.1
451,2025-10-05,Ayesha,46.0,Jaipur,Laptop,Electronics,2,42300.0,5,80370.0,UPI,Processing,2025-10-05,80370.0
452,2025-05-06,Zoya,20.0,Mumbai,Keyboard,Accessories,8,41913.0,10,301773.6,Card,Delivered,2025-05-06,301773.6
453,2025-11-12,Zoya,35.0,Jaipur,Laptop,Electronics,5,21992.0,10,98964.0,UPI,Processing,2025-11-12,98964.0
454,2025-05-19,Zoya,35.0,Bhopal,Printer,Office,8,29034.0,15,197431.2,Card,Delivered,2025-05-19,197431.2
455,2025-06-25,Ayesha,50.0,Pune,Phone,Electronics,3,40934.0,5,116661.9,Cash,Cancelled,2025-06-25,116661.9
456,2025-12-19,Diya,58.0,Delhi,Keyboard,Accessories,7,21513.0,10,135531.9,Cash,Cancelled,2025-12-19,135531.9
457,2025-03-13,Najrin,45.0,Jaipur,Keyboard,Accessories,5,30258.0,5,143725.5,Card,Delivered,2025-03-13,143725.5
458,2025-09-08,Aarav,22.0,Jaipur,Keyboard,Accessories,5,14559.0,10,65515.5,UPI,Processing,2025-09-08,65515.5
459,2025-10-04,Kabir,43.0,Pune,Printer,Office,4,20936.0,5,79556.8,Cash,Processing,2025-10-04,79556.8
460,2025-06-27,Riya,29.0,Jaipur,Printer,Office,6,36855.0,15,187960.5,Card,Cancelled,2025-06-27,187960.5
461,2025-09-20,Rehan,39.0,Chennai,Printer,Office,5,22514.0,10,101313.0,Card,Cancelled,2025-09-20,101313.0
462,2025-06-18,Kabir,34.0,Chennai,Keyboard,Accessories,6,19928.0,10,107611.2,UPI,Processing,2025-06-18,107611.2
465,2025-04-17,Kabir,42.0,Jaipur,Keyboard,Accessories,5,24260.0,15,103105.0,UPI,Processing,2025-04-17,103105.0
466,2025-11-11,Najrin,41.0,Delhi,Printer,Office,1,11261.0,10,10134.9,UPI,Cancelled,2025-11-11,10134.9
467,2025-09-28,Ayesha,58.0,Jaipur,Laptop,Electronics,3,25322.0,5,72167.7,UPI,Processing,2025-09-28,72167.7
468,2025-06-29,Kabir,56.0,Delhi,Laptop,Electronics,3,3134.0,0,9402.0,Cash,Processing,2025-06-29,9402.0
469,2025-08-10,Aarav,48.0,Bhopal,Keyboard,Accessories,3,29212.0,5,83254.2,UPI,Processing,2025-08-10,83254.2
470,2025-03-25,Ayesha,29.0,Chennai,Printer,Office,1,52494.0,5,49869.3,UPI,Cancelled,2025-03-25,49869.3
471,2025-03-30,Ayesha,60.0,Pune,Phone,Electronics,1,10137.0,10,9123.3,Cash,Delivered,2025-03-30,9123.3
472,2025-06-01,Diya,30.0,Jaipur,Printer,Office,5,18393.0,0,91965.0,Card,Processing,2025-06-01,91965.0
474,2025-02-24,Rehan,57.0,Chennai,Keyboard,Accessories,3,48774.0,15,124373.7,Card,Delivered,2025-02-24,124373.7
475,2025-04-16,Kabir,45.0,Delhi,Keyboard,Accessories,3,4494.0,5,12807.9,Cash,Cancelled,2025-04-16,12807.9
477,2025-07-23,Zoya,55.0,Mumbai,Phone,Electronics,4,7221.0,5,27439.8,UPI,Cancelled,2025-07-23,27439.8
480,2025-09-11,Najrin,30.0,Delhi,Keyboard,Accessories,8,11834.0,0,94672.0,UPI,Cancelled,2025-09-11,94672.0
482,2025-09-24,Aarav,57.0,Chennai,Keyboard,Accessories,8,13776.0,15,93676.8,UPI,Processing,2025-09-24,93676.8
483,2025-04-12,Diya,33.0,Delhi,Phone,Electronics,5,8266.0,5,39263.5,UPI,Processing,2025-04-12,39263.5
484,2025-09-24,Kabir,20.0,Delhi,Keyboard,Accessories,4,685.0,5,2603.0,Cash,Processing,2025-09-24,2603.0
485,2025-04-24,Ayesha,48.0,Jaipur,Printer,Office,8,24504.0,15,166627.2,Card,Processing,2025-04-24,166627.2
486,2025-05-22,Riya,20.0,Mumbai,Keyboard,Accessories,2,30776.0,10,55396.8,UPI,Processing,2025-05-22,55396.8
487,2025-05-12,Kabir,18.0,Pune,Printer,Office,5,37456.0,0,187280.0,UPI,Cancelled,2025-05-12,187280.0
488,2025-03-27,Riya,59.0,Mumbai,Laptop,Electronics,2,35223.0,0,70446.0,Cash,Processing,2025-03-27,70446.0
489,2025-02-01,Diya,25.0,Pune,Keyboard,Accessories,2,39498.0,10,71096.40000000001,Cash,Cancelled,2025-02-01,71096.40000000001
490,2025-06-29,Rehan,26.0,Bhopal,Printer,Office,7,59760.0,5,397404.0,UPI,Cancelled,2025-06-29,397404.0
491,2025-06-06,Aarav,22.0,Pune,Phone,Electronics,7,29042.0,0,203294.0,UPI,Processing,2025-06-06,203294.0
492,2025-09-24,Aarav,37.0,Pune,Printer,Office,8,10261.0,15,69774.8,UPI,Cancelled,2025-09-24,69774.8
493,2025-06-25,Najrin,34.0,Delhi,Keyboard,Accessories,6,31110.0,5,177327.0,Card,Cancelled,2025-06-25,177327.0
494,2025-12-19,Riya,54.0,Jaipur,Keyboard,Accessories,4,25038.0,15,85129.2,Cash,Processing,2025-12-19,85129.2
495,2025-01-11,Ayesha,31.0,Chennai,Printer,Office,4,31095.0,5,118161.0,UPI,Cancelled,2025-01-11,118161.0
497,2025-11-27,Aarav,31.0,Delhi,Phone,Electronics,4,14930.0,15,50762.0,Card,Delivered,2025-11-27,50762.0
501,2025-07-21,Zoya,55.0,Chennai,Keyboard,Accessories,3,37182.0,5,105968.7,Card,Delivered,2025-07-21,105968.7
502,2025-11-23,Najrin,53.0,Delhi,Keyboard,Accessories,1,6303.0,15,5357.55,UPI,Processing,2025-11-23,5357.55
504,2025-03-14,Rehan,30.0,Bhopal,Phone,Electronics,4,52387.0,10,188593.2,Card,Cancelled,2025-03-14,188593.2
505,2025-09-01,Ayesha,21.0,Jaipur,Phone,Electronics,7,58833.0,0,411831.0,UPI,Delivered,2025-09-01,411831.0
506,2025-03-09,Rehan,39.0,Bhopal,Keyboard,Accessories,1,41205.0,15,35024.25,Cash,Delivered,2025-03-09,35024.25
507,2025-09-21,Ayesha,23.0,Delhi,Laptop,Electronics,1,18795.0,15,15975.75,Card,Delivered,2025-09-21,15975.75
508,2025-10-26,Zoya,52.0,Pune,Laptop,Electronics,5,46699.0,10,210145.5,Cash,Cancelled,2025-10-26,210145.5
509,2025-01-13,Riya,44.0,Mumbai,Printer,Office,1,20714.0,5,19678.3,Cash,Cancelled,2025-01-13,19678.3
510,2025-03-23,Diya,59.0,Pune,Keyboard,Accessories,1,10803.0,10,9722.7,Card,Cancelled,2025-03-23,9722.7
511,2025-03-30,Najrin,57.0,Mumbai,Laptop,Electronics,7,52740.0,0,369180.0,Cash,Delivered,2025-03-30,369180.0
512,2025-12-20,Najrin,50.0,Chennai,Keyboard,Accessories,8,33933.0,0,271464.0,Cash,Cancelled,2025-12-20,271464.0
513,2025-06-30,Diya,54.0,Bhopal,Phone,Electronics,3,30224.0,10,81604.8,Cash,Processing,2025-06-30,81604.8
514,2025-03-31,Diya,25.0,Mumbai,Printer,Office,6,12346.0,5,70372.2,Cash,Processing,2025-03-31,70372.2
515,2025-06-02,Aarav,30.0,Chennai,Keyboard,Accessories,2,17463.0,0,34926.0,Cash,Cancelled,2025-06-02,34926.0
516,2025-04-23,Zoya,47.0,Bhopal,Laptop,Electronics,4,51855.0,0,207420.0,Cash,Processing,2025-04-23,207420.0
517,2025-10-24,Aarav,30.0,Bhopal,Laptop,Electronics,2,37450.0,5,71155.0,UPI,Cancelled,2025-10-24,71155.0
518,2025-09-28,Ayesha,18.0,Jaipur,Keyboard,Accessories,3,40437.0,15,103114.35,UPI,Cancelled,2025-09-28,103114.35
519,2025-12-06,Diya,50.0,Bhopal,Laptop,Electronics,7,20793.0,15,123718.35,Cash,Processing,2025-12-06,123718.35
520,2025-01-18,Diya,27.0,Pune,Laptop,Electronics,8,2975.0,10,21420.0,Cash,Cancelled,2025-01-18,21420.0
521,2025-05-19,Kabir,37.0,Delhi,Keyboard,Accessories,3,47484.0,0,142452.0,Card,Cancelled,2025-05-19,142452.0
522,2025-08-07,Rehan,28.0,Mumbai,Phone,Electronics,3,17906.0,5,51032.1,Card,Cancelled,2025-08-07,51032.1
524,2025-08-25,Zoya,47.0,Pune,Keyboard,Accessories,7,6406.0,10,40357.8,UPI,Processing,2025-08-25,40357.8
525,2025-01-16,Ayesha,20.0,Bhopal,Printer,Office,3,35266.0,5,100508.1,Cash,Delivered,2025-01-16,100508.1
526,2025-06-28,Diya,45.0,Bhopal,Phone,Electronics,4,14737.0,0,58948.0,UPI,Processing,2025-06-28,58948.0
527,2025-02-10,Riya,44.0,Chennai,Laptop,Electronics,7,11845.0,0,82915.0,Cash,Cancelled,2025-02-10,82915.0
529,2025-08-10,Aarav,45.0,Pune,Phone,Electronics,5,59943.0,5,284729.25,UPI,Processing,2025-08-10,284729.25
530,2025-06-07,Rehan,57.0,Mumbai,Phone,Electronics,5,17386.0,10,78237.0,Cash,Cancelled,2025-06-07,78237.0
531,2025-03-20,Diya,19.0,Pune,Phone,Electronics,7,29994.0,10,188962.2,Cash,Delivered,2025-03-20,188962.2
532,2025-03-29,Riya,40.0,Delhi,Laptop,Electronics,5,24425.0,10,109912.5,Cash,Cancelled,2025-03-29,109912.5
533,2025-04-11,Kabir,38.0,Delhi,Keyboard,Accessories,6,6562.0,10,35434.8,UPI,Cancelled,2025-04-11,35434.8
535,2025-02-03,Najrin,51.0,Delhi,Keyboard,Accessories,3,44022.0,10,118859.4,Card,Processing,2025-02-03,118859.4
537,2025-02-21,Rehan,32.0,Mumbai,Printer,Office,8,36305.0,15,246874.0,Card,Processing,2025-02-21,246874.0
538,2025-08-19,Zoya,41.0,Jaipur,Keyboard,Accessories,3,48460.0,15,123573.0,Cash,Cancelled,2025-08-19,123573.0
540,2025-04-20,Kabir,23.0,Mumbai,Keyboard,Accessories,6,53213.0,15,271386.3,Card,Delivered,2025-04-20,271386.3
542,2025-10-21,Diya,44.0,Chennai,Printer,Office,4,13932.0,10,50155.2,Card,Delivered,2025-10-21,50155.2
543,2025-07-02,Diya,58.0,Bhopal,Printer,Office,3,35338.0,5,100713.3,Card,Processing,2025-07-02,100713.3
545,2025-10-12,Najrin,59.0,Jaipur,Laptop,Electronics,1,13874.0,5,13180.3,Card,Processing,2025-10-12,13180.3
547,2025-04-21,Zoya,34.0,Jaipur,Keyboard,Accessories,2,11237.0,15,19102.9,UPI,Delivered,2025-04-21,19102.9
548,2025-05-14,Aarav,40.0,Bhopal,Printer,Office,3,45639.0,5,130071.15,UPI,Delivered,2025-05-14,130071.15
549,2025-04-26,Aarav,33.0,Delhi,Keyboard,Accessories,1,29841.0,5,28348.95,Cash,Delivered,2025-04-26,28348.95
550,2025-03-01, Zoya ,54.0,Pune,Phone,Electronics,five,37979.0,5,72160.09999999999,Cash,Processing,2025-03-01,72160.09999999999
551,2025-09-02,Riya,41.0,Delhi,Printer,Office,6,36648.0,15,186904.8,Cash,Processing,2025-09-02,186904.8
552,2025-09-10,Riya,23.0,Bhopal,Keyboard,Accessories,2,7382.0,10,13287.6,Card,Cancelled,2025-09-10,13287.6
553,2025-07-19,Riya,44.0,Pune,Keyboard,Accessories,3,22225.0,0,66675.0,UPI,Cancelled,2025-07-19,66675.0
554,2025-07-08,Rehan,43.0,Mumbai,Laptop,Electronics,five,21046.0,15,53667.3,Card,Delivered,2025-07-08,53667.3
555,2025-11-04,Rehan,40.0,Chennai,Printer,Office,8,45016.0,15,306108.8,Card,Delivered,2025-11-04,306108.8
556,2025-03-27,Riya,20.0,Jaipur,Keyboard,Accessories,5,21140.0,0,105700.0,Card,Cancelled,2025-03-27,105700.0
558,2025-10-25,Aarav,37.0,Bhopal,Printer,Office,8,37299.0,0,298392.0,UPI,Cancelled,2025-10-25,298392.0
559,2025-09-29,Diya,39.0,Jaipur,Phone,Electronics,4,49811.0,5,189281.8,UPI,Delivered,2025-09-29,189281.8
560,2025-03-06,Rehan,24.0,Jaipur,Keyboard,Accessories,8,12907.0,15,87767.59999999999,Cash,Cancelled,2025-03-06,87767.59999999999
563,2025-03-06, Zoya ,55.0,Chennai,laptop,Electronics,7,1307.0,10,8234.1,UPI,Processing,2025-03-06,8234.1
565,2025-03-04,Aarav,22.0,Jaipur,Phone,Electronics,3,52875.0,5,150693.75,Card,Delivered,2025-03-04,150693.75
566,2025-01-24,Zoya,50.0,Jaipur,Phone,Electronics,3,52386.0,10,141442.2,UPI,Processing,2025-01-24,141442.2
567,2025-09-10,Rehan,50.0,Chennai,Printer,Office,2,1028.0,15,1747.6,Cash,Cancelled,2025-09-10,1747.6
569,2025-12-06, Diya ,22.0,Pune,Keyboard,Accessories,8,19415.0,15,132022.0,UPI,Cancelled,2025-12-06,132022.0
570,2025-01-01,Diya,34.0,Bhopal,Keyboard,Accessories,4,54179.0,15,184208.6,Card,Delivered,2025-01-01,184208.6
571,2025-11-08,Najrin,39.0,Chennai,Phone,Electronics,2,41647.0,15,70799.9,UPI,Cancelled,2025-11-08,70799.9
573,2025-04-07,Ayesha,57.0,Pune,Laptop,Electronics,5,40439.0,15,171865.75,Cash,Processing,2025-04-07,171865.75
574,2025-03-09, Aarav ,31.0,Jaipur,phone,Electronics,7,32452.0,10,204447.6,UPI,Delivered,2025-03-09,204447.6
575,2025-06-28, Rehan ,34.0,Pune,Keyboard,Accessories,5,42188.0,10,189846.0,UPI,Processing,2025-06-28,189846.0
577,2025-05-22,Ayesha,34.0,Delhi,Laptop,Electronics,2,29407.0,5,55873.3,Card,Delivered,2025-05-22,55873.3
578,2025-04-06,Zoya,28.0,Pune,Phone,Electronics,6,46406.0,5,264514.2,UPI,Cancelled,2025-04-06,264514.2
579,2025-08-03,Riya,53.0,Chennai,Laptop,Electronics,5,41264.0,15,175372.0,UPI,Cancelled,2025-08-03,175372.0
580,2025-05-07,Riya,52.0,Bhopal,Keyboard,Accessories,7,31333.0,15,186431.35,Cash,Processing,2025-05-07,186431.35
581,2025-07-04,Zoya,38.0,Pune,Keyboard,Accessories,2,56505.0,5,107359.5,Card,Processing,2025-07-04,107359.5
582,2025-08-28,Ayesha,40.0,Mumbai,Printer,Office,1,25169.0,15,21393.65,UPI,Processing,2025-08-28,21393.65
583,2025-10-10,Ayesha,53.0,Chennai,Printer,Office,4,27923.0,15,94938.2,UPI,Delivered,2025-10-10,94938.2
584,2025-11-28,Ayesha,40.0,Delhi,Phone,Electronics,1,41763.0,0,41763.0,Cash,Cancelled,2025-11-28,41763.0
586,2025-06-21,Ayesha,22.0,Delhi,Keyboard,Accessories,5,21635.0,0,108175.0,UPI,Delivered,2025-06-21,108175.0
587,2025-08-14, Najrin ,36.0,Mumbai,Laptop,Electronics,1,10956.0,0,10956.0,Cash,Cancelled,2025-08-14,10956.0
588,2025-03-18,Ayesha,30.0,Delhi,Printer,Office,2,17786.0,10,32014.8,Cash,Cancelled,2025-03-18,32014.8
589,2025-02-04,Ayesha,22.0,Jaipur,Phone,Electronics,4,40576.0,10,146073.6,UPI,Delivered,2025-02-04,146073.6
590,2025-10-22,Rehan,29.0,Bhopal,Printer,Office,6,36013.0,15,183666.3,Cash,Cancelled,2025-10-22,183666.3
591,2025-03-12,Kabir,33.0,Delhi,Keyboard,Accessories,5,34596.0,0,172980.0,Card,Cancelled,2025-03-12,172980.0
592,2025-06-25,Aarav,59.0,Jaipur,Laptop,Electronics,6,25404.0,10,137181.6,Cash,Processing,2025-06-25,137181.6
593,2025-01-16,Riya,42.0,Jaipur,Printer,Office,5,43986.0,5,208933.5,Card,Processing,2025-01-16,208933.5
594,2025-07-14,Kabir,52.0,Pune,Phone,Electronics,5,19688.0,5,93518.0,Cash,Cancelled,2025-07-14,93518.0
595,2025-10-11,Kabir,29.0,Bhopal,Phone,Electronics,2,10011.0,15,17018.7,UPI,Processing,2025-10-11,17018.7
596,2025-02-28,Rehan,34.0,Pune,Phone,Electronics,5,25568.0,15,108664.0,Cash,Processing,2025-02-28,108664.0
597,2025-05-30,Diya,60.0,Jaipur,Laptop,Electronics,7,48382.0,0,338674.0,Cash,Delivered,2025-05-30,338674.0
599,2025-05-19,Zoya,51.0,Pune,Printer,Office,7,773.0,10,4869.900000000001,Card,Delivered,2025-05-19,4869.900000000001
600,2025-05-24,Aarav,58.0,Mumbai,Laptop,Electronics,5,16477.0,15,70027.25,UPI,Cancelled,2025-05-24,70027.25
601,2025-11-27,Najrin,43.0,Pune,Printer,Office,4,24111.0,5,91621.8,Cash,Cancelled,2025-11-27,91621.8
602,2025-06-11,Kabir,21.0,Jaipur,Keyboard,Accessories,7,39689.0,10,250040.7,UPI,Delivered,2025-06-11,250040.7
603,2025-08-12,Riya,42.0,Bhopal,Laptop,Electronics,3,44708.0,10,120711.6,Card,Cancelled,2025-08-12,120711.6
604,2025-10-01,Najrin,49.0,Pune,Phone,Electronics,4,52750.0,15,179350.0,UPI,Delivered,2025-10-01,179350.0
605,2025-08-26,Aarav,43.0,Delhi,Phone,Electronics,6,47157.0,15,240500.7,Cash,Delivered,2025-08-26,240500.7
607,2025-08-07,Najrin,55.0,Delhi,Keyboard,Accessories,2,49290.0,5,93651.0,Card,Delivered,2025-08-07,93651.0
608,2025-05-22,Ayesha,49.0,Bhopal,Laptop,Electronics,7,51006.0,0,357042.0,UPI,Cancelled,2025-05-22,357042.0
609,2025-05-13,Najrin,35.0,Mumbai,Keyboard,Accessories,2,53078.0,10,95540.4,Cash,Processing,2025-05-13,95540.4
610,2025-06-10,Najrin,59.0,Delhi,Phone,Electronics,4,56785.0,5,215783.0,UPI,Delivered,2025-06-10,215783.0
611,2025-02-10,Ayesha,22.0,Bhopal,Keyboard,Accessories,8,37659.0,10,271144.8,Cash,Processing,2025-02-10,271144.8
612,2025-10-12,Ayesha,45.0,Jaipur,Printer,Office,6,56486.0,10,305024.4,UPI,Delivered,2025-10-12,305024.4
613,2025-08-08,Kabir,20.0,Mumbai,Phone,Electronics,6,22828.0,0,136968.0,UPI,Processing,2025-08-08,136968.0
614,2025-03-04,Rehan,46.0,Mumbai,Laptop,Electronics,3,4008.0,10,10821.6,Cash,Delivered,2025-03-04,10821.6
615,2025-11-24,Rehan,35.0,Delhi,Phone,Electronics,1,3062.0,5,2908.9,Card,Processing,2025-11-24,2908.9
616,2025-03-08,Riya,34.0,Chennai,Keyboard,Accessories,8,17819.0,10,128296.8,UPI,Delivered,2025-03-08,128296.8
617,2025-11-30,Rehan,56.0,Chennai,Keyboard,Accessories,1,9825.0,10,8842.5,Cash,Cancelled,2025-11-30,8842.5
618,2025-12-18,Zoya,55.0,Bhopal,Laptop,Electronics,8,5712.0,15,38841.6,Card,Cancelled,2025-12-18,38841.6
620,2025-06-28,Riya,47.0,Jaipur,Keyboard,Accessories,4,36479.0,0,145916.0,Cash,Cancelled,2025-06-28,145916.0
621,2025-02-08,Zoya,44.0,Mumbai,Laptop,Electronics,1,20132.0,15,17112.2,Card,Cancelled,2025-02-08,17112.2
622,2025-02-22,Kabir,26.0,Mumbai,Laptop,Electronics,8,21068.0,0,168544.0,Card,Delivered,2025-02-22,168544.0
623,2025-04-18,Rehan,47.0,Pune,laptop,Electronics,8,11350.0,5,86260.0,UPI,Delivered,2025-04-18,86260.0
624,2025-11-20,Aarav,32.0,Chennai,Keyboard,Accessories,7,53290.0,15,317075.5,UPI,Delivered,2025-11-20,317075.5
625,2025-01-01,Rehan,20.0,Jaipur,Phone,Electronics,1,16395.0,5,15575.25,UPI,Delivered,2025-01-01,15575.25
626,2025-03-28,Rehan,18.0,Mumbai,Keyboard,Accessories,4,59123.0,0,236492.0,Card,Cancelled,2025-03-28,236492.0
627,2025-09-26,Diya,57.0,Delhi,Laptop,Electronics,7,38632.0,0,270424.0,Cash,Cancelled,2025-09-26,270424.0
628,2025-03-19,Kabir,36.0,Delhi,Printer,Office,3,51067.0,0,153201.0,UPI,Processing,2025-03-19,153201.0
629,2025-06-20,Ayesha,32.0,Mumbai,Phone,Electronics,6,22557.0,15,115040.7,Cash,Cancelled,2025-06-20,115040.7
630,2025-01-05,Zoya,24.0,Jaipur,Laptop,Electronics,2,5876.0,15,9989.2,Card,Processing,2025-01-05,9989.2
631,2025-08-06,Aarav,54.0,Pune,Printer,Office,4,5479.0,0,21916.0,Cash,Processing,2025-08-06,21916.0
632,2025-09-29,Kabir,40.0,Delhi,laptop,Electronics,5,29895.0,0,149475.0,UPI,Processing,2025-09-29,149475.0
634,2025-02-06,Ayesha,43.0,Delhi,Keyboard,Accessories,4,30518.0,15,103761.2,Card,Processing,2025-02-06,103761.2
635,2025-09-05,Najrin,55.0,Bhopal,Keyboard,Accessories,4,56735.0,15,192899.0,Cash,Cancelled,2025-09-05,192899.0
636,2025-09-23,Ayesha,32.0,Pune,Laptop,Electronics,1,40345.0,10,36310.5,Card,Cancelled,2025-09-23,36310.5
637,2025-11-02,Aarav,38.0,Chennai,Printer,Office,2,19544.0,10,35179.2,Cash,Processing,2025-11-02,35179.2
638,2025-05-06,Rehan,26.0,Chennai,Phone,Electronics,4,35831.0,15,121825.4,UPI,Cancelled,2025-05-06,121825.4
639,2025-03-03,Riya,19.0,Pune,phone,Electronics,3,41997.0,10,113391.9,UPI,Cancelled,2025-03-03,113391.9
640,2025-07-27,Rehan,31.0,Pune,Printer,Office,8,32860.0,5,249736.0,Cash,Delivered,2025-07-27,249736.0
641,2025-03-19,Aarav,35.0,Chennai,Keyboard,Accessories,3,2756.0,10,7441.2,Cash,Cancelled,2025-03-19,7441.2
642,2025-05-06,Riya,25.0,Chennai,Laptop,Electronics,6,59787.0,0,358722.0,Card,Processing,2025-05-06,358722.0
644,2025-02-09,Diya,43.0,Chennai,Printer,Office,8,47778.0,15,324890.4,Card,Processing,2025-02-09,324890.4
645,2025-05-22,Riya,36.0,Pune,Phone,Electronics,7,31121.0,15,185169.95,Card,Delivered,2025-05-22,185169.95
646,2025-12-11,Diya,18.0,Bhopal,Keyboard,Accessories,2,21571.0,10,38827.8,UPI,Processing,2025-12-11,38827.8
647,2025-01-14,Zoya,27.0,Jaipur,Phone,Electronics,8,57601.0,0,460808.0,Card,Delivered,2025-01-14,460808.0
648,2025-11-08,Zoya,56.0,Jaipur,keyboard,Accessories,3,25732.0,5,73336.2,Cash,Processing,2025-11-08,73336.2
650,2025-01-08,Zoya,52.0,Delhi,Keyboard,Accessories,4,3037.0,5,11540.6,Card,Processing,2025-01-08,11540.6
651,2025-04-12,Najrin,20.0,Chennai,Keyboard,Accessories,3,36356.0,0,109068.0,Cash,Processing,2025-04-12,109068.0
652,2025-10-10,Zoya,52.0,Mumbai,Keyboard,Accessories,5,11715.0,10,52717.5,UPI,Delivered,2025-10-10,52717.5
653,2025-05-01,Zoya,36.0,Mumbai,Laptop,Electronics,7,10530.0,15,62653.5,Cash,Delivered,2025-05-01,62653.5
654,2025-10-16, Ayesha ,40.0,Bhopal,Laptop,Electronics,3,23701.0,15,60437.55,UPI,Cancelled,2025-10-16,60437.55
655,2025-02-17,Kabir,51.0,Chennai,Phone,Electronics,1,26244.0,15,22307.4,UPI,Cancelled,2025-02-17,22307.4
656,2025-11-04,Ayesha,51.0,Pune,Phone,Electronics,5,38296.0,10,172332.0,UPI,Delivered,2025-11-04,172332.0
657,2025-03-07,Diya,50.0,Delhi,Laptop,Electronics,1,28143.0,0,28143.0,Cash,Cancelled,2025-03-07,28143.0
658,2025-01-09,Aarav,39.0,Mumbai,Keyboard,Accessories,6,48691.0,15,248324.1,UPI,Delivered,2025-01-09,248324.1
659,2025-10-05,Riya,33.0,Bhopal,Phone,Electronics,8,15330.0,10,110376.0,Card,Delivered,2025-10-05,110376.0
660,2025-05-24,Diya,48.0,Delhi,Phone,Electronics,2,59760.0,10,107568.0,Cash,Delivered,2025-05-24,107568.0
661,2025-08-15,Diya,35.0,Mumbai,Phone,Electronics,8,23405.0,0,187240.0,Card,Processing,2025-08-15,187240.0
662,2025-02-25,Ayesha,58.0,Jaipur,Phone,Electronics,7,51226.0,10,322723.8,Card,Cancelled,2025-02-25,322723.8
663,2025-09-15,Riya,49.0,Pune,Printer,Office,3,3669.0,15,9355.95,Card,Processing,2025-09-15,9355.95
664,2025-07-13,Ayesha,49.0,Delhi,Phone,Electronics,7,55989.0,5,372326.85,Card,Cancelled,2025-07-13,372326.85
665,2025-07-01,Najrin,23.0,Chennai,Laptop,Electronics,7,27584.0,0,193088.0,Card,Cancelled,2025-07-01,193088.0
666,2025-06-14,Diya,21.0,Chennai,Keyboard,Accessories,8,3942.0,15,26805.6,UPI,Processing,2025-06-14,26805.6
667,2025-08-24,Diya,49.0,Delhi,Phone,Electronics,4,14614.0,10,52610.4,Card,Processing,2025-08-24,52610.4
668,2025-05-01,Kabir,59.0,Bhopal,Printer,Office,1,58517.0,5,55591.14999999999,Card,Delivered,2025-05-01,55591.14999999999
669,2025-08-15,Aarav,54.0,Jaipur,Keyboard,Accessories,6,54529.0,10,294456.6,UPI,Processing,2025-08-15,294456.6
670,2025-02-17,Zoya,42.0,Pune,Laptop,Electronics,6,52925.0,0,317550.0,Cash,Processing,2025-02-17,317550.0
671,2025-11-30,Zoya,51.0,Pune,Keyboard,Accessories,7,52372.0,10,329943.6,UPI,Delivered,2025-11-30,329943.6
672,2025-10-29,Kabir,37.0,Bhopal,Keyboard,Accessories,3,45675.0,5,130173.75,UPI,Delivered,2025-10-29,130173.75
673,2025-08-03,Diya,47.0,Bhopal,Phone,Electronics,6,29265.0,5,166810.5,Cash,Processing,2025-08-03,166810.5
674,2025-07-20,Rehan,38.0,Jaipur,Phone,Electronics,6,46346.0,0,278076.0,Cash,Delivered,2025-07-20,278076.0
675,2025-05-01,Najrin,27.0,Chennai,Printer,Office,2,9335.0,10,16803.0,Card,Processing,2025-05-01,16803.0
676,2025-04-20,Aarav,60.0,Chennai,Laptop,Electronics,3,24032.0,0,72096.0,Card,Cancelled,2025-04-20,72096.0
677,2025-12-19,Rehan,46.0,Pune,Printer,Office,4,54797.0,5,208228.6,Cash,Cancelled,2025-12-19,208228.6
678,2025-09-02,Riya,36.0,Jaipur,Keyboard,Accessories,5,11469.0,15,48743.25,Cash,Delivered,2025-09-02,48743.25
679,2025-12-10,Riya,27.0,Pune,Laptop,Electronics,7,26752.0,5,177900.8,Cash,Delivered,2025-12-10,177900.8
680,2025-07-20,Kabir,53.0,Bhopal,Printer,Office,6,4551.0,15,23210.1,UPI,Cancelled,2025-07-20,23210.1
682,2025-01-29,Kabir,22.0,Delhi,Keyboard,Accessories,8,29949.0,5,227612.4,Card,Cancelled,2025-01-29,227612.4
683,2025-11-10,Aarav,30.0,Bhopal,Keyboard,Accessories,8,45110.0,5,342836.0,UPI,Delivered,2025-11-10,342836.0
684,2025-07-24,Riya,57.0,Pune,Keyboard,Accessories,5,16306.0,15,69300.5,Card,Processing,2025-07-24,69300.5
686,2025-05-03,Zoya,24.0,Bhopal,Keyboard,Accessories,4,4747.0,15,16139.8,UPI,Delivered,2025-05-03,16139.8
687,2025-10-04,Kabir,55.0,Jaipur,Printer,Office,8,54029.0,0,432232.0,Card,Cancelled,2025-10-04,432232.0
688,2025-01-06,Rehan,30.0,Mumbai,Laptop,Electronics,7,6220.0,10,39186.0,Card,Cancelled,2025-01-06,39186.0
689,2025-09-10,Aarav,26.0,Chennai,Keyboard,Accessories,1,44772.0,5,42533.4,Cash,Delivered,2025-09-10,42533.4
690,2025-03-08,Diya,60.0,Pune,Printer,Office,2,15020.0,15,25534.0,Cash,Cancelled,2025-03-08,25534.0
691,2025-08-13,Diya,36.0,Delhi,Phone,Electronics,3,28508.0,10,76971.6,UPI,Delivered,2025-08-13,76971.6
692,2025-08-14,Zoya,32.0,Bhopal,Printer,Office,4,50460.0,15,171564.0,Card,Delivered,2025-08-14,171564.0
694,2025-07-20,Diya,53.0,Delhi,Laptop,Electronics,4,54705.0,5,207879.0,Cash,Processing,2025-07-20,207879.0
696,2025-09-24,Aarav,30.0,Mumbai,Phone,Electronics,4,25917.0,5,98484.6,Card,Delivered,2025-09-24,98484.6
697,2025-10-25,Ayesha,21.0,Bhopal,Keyboard,Accessories,8,27895.0,10,200844.0,Card,Delivered,2025-10-25,200844.0
698,2025-01-24,Rehan,51.0,Bhopal,Laptop,Electronics,3,39833.0,10,107549.1,UPI,Delivered,2025-01-24,107549.1
699,2025-03-23,Ayesha,39.0,Chennai,Printer,Office,5,51582.0,5,245014.5,UPI,Delivered,2025-03-23,245014.5
700,2025-04-26,Kabir,23.0,Jaipur,Keyboard,Accessories,7,28675.0,15,170616.25,UPI,Cancelled,2025-04-26,170616.25
701,2025-07-11,Riya,26.0,Mumbai,Phone,Electronics,2,22642.0,5,43019.8,UPI,Delivered,2025-07-11,43019.8
703,2025-01-04,Najrin,32.0,Chennai,Keyboard,Accessories,2,42778.0,10,77000.40000000001,Card,Delivered,2025-01-04,77000.40000000001
705,2025-06-03,Najrin,60.0,Pune,Laptop,Electronics,6,54221.0,5,309059.7,Cash,Delivered,2025-06-03,309059.7
706,2025-12-19,Rehan,48.0,Jaipur,Phone,Electronics,1,53865.0,15,45785.25,UPI,Processing,2025-12-19,45785.25
707,2025-11-01,Ayesha,36.0,Chennai,Phone,Electronics,3,8009.0,0,24027.0,UPI,Processing,2025-11-01,24027.0
708,2025-11-16,Diya,45.0,Delhi,Keyboard,Accessories,3,8592.0,15,21909.6,UPI,Delivered,2025-11-16,21909.6
709,2025-12-25,Rehan,35.0,Delhi,Printer,Office,five,3547.0,0,3547.0,Card,Cancelled,2025-12-25,3547.0
711,2025-10-24,Zoya,45.0,Delhi,Printer,Office,7,34567.0,15,205673.65,Card,Processing,2025-10-24,205673.65
712,2025-01-20,Riya,50.0,Jaipur,Phone,Electronics,8,59188.0,5,449828.8,Cash,Processing,2025-01-20,449828.8
713,2025-06-30,Diya,26.0,Jaipur,Keyboard,Accessories,4,33876.0,15,115178.4,Card,Processing,2025-06-30,115178.4
714,2025-05-11,Zoya,49.0,Chennai,Keyboard,Accessories,7,15536.0,15,92439.2,UPI,Processing,2025-05-11,92439.2
715,2025-09-26,Aarav,43.0,Pune,Laptop,Electronics,1,49659.0,0,49659.0,UPI,Cancelled,2025-09-26,49659.0
716,2025-07-18,Zoya,44.0,Jaipur,Phone,Electronics,7,5578.0,15,33189.1,UPI,Cancelled,2025-07-18,33189.1
718,2025-08-28,Kabir,22.0,Chennai,Laptop,Electronics,3,22402.0,10,60485.4,Cash,Processing,2025-08-28,60485.4
719,2025-07-16,Ayesha,29.0,Mumbai,Phone,Electronics,6,53416.0,10,288446.4,Cash,Processing,2025-07-16,288446.4
721,2025-10-01,Najrin,26.0,Chennai,Printer,Office,3,42434.0,0,127302.0,UPI,Delivered,2025-10-01,127302.0
722,2025-12-29, Zoya ,31.0,Jaipur,Printer,Office,3,45372.0,0,136116.0,Card,Processing,2025-12-29,136116.0
723,2025-11-24,Kabir,25.0,Pune,Laptop,Electronics,4,46019.0,15,156464.6,Cash,Cancelled,2025-11-24,156464.6
724,2025-09-20,Rehan,36.0,Mumbai,Phone,Electronics,4,52986.0,0,211944.0,Cash,Processing,2025-09-20,211944.0
725,2025-11-12,Ayesha,47.0,Pune,Phone,Electronics,1,59621.0,10,53658.9,UPI,Cancelled,2025-11-12,53658.9
726,2025-04-08,Ayesha,45.0,Bhopal,Printer,Office,five,18980.0,5,54093.0,UPI,Delivered,2025-04-08,54093.0
727,2025-01-24,Zoya,30.0,Chennai,Laptop,Electronics,2,58353.0,10,105035.4,Cash,Processing,2025-01-24,105035.4
728,2025-03-15,Riya,19.0,Pune,Keyboard,Accessories,4,51794.0,0,207176.0,Cash,Delivered,2025-03-15,207176.0
731,2025-11-03,Aarav,57.0,Bhopal,Laptop,Electronics,2,34554.0,10,62197.2,Card,Cancelled,2025-11-03,62197.2
732,2025-01-19,Aarav,59.0,Mumbai,Phone,Electronics,5,37875.0,10,170437.5,Card,Processing,2025-01-19,170437.5
733,2025-06-08,Kabir,59.0,Chennai,Keyboard,Accessories,3,28827.0,0,86481.0,Cash,Delivered,2025-06-08,86481.0
735,2025-02-26,Rehan,56.0,Bhopal,Phone,Electronics,3,47631.0,5,135748.35,Cash,Cancelled,2025-02-26,135748.35
737,2025-03-08,Ayesha,59.0,Pune,Laptop,Electronics,8,11746.0,15,79872.8,Cash,Processing,2025-03-08,79872.8
738,2025-11-24,Najrin,49.0,Chennai,Phone,Electronics,3,2017.0,15,5143.349999999999,Cash,Processing,2025-11-24,5143.349999999999
739,2025-05-25,Riya,55.0,Jaipur,Keyboard,Accessories,1,36202.0,5,34391.9,UPI,Cancelled,2025-05-25,34391.9
741,2025-11-01,Kabir,46.0,Mumbai,Keyboard,Accessories,3,11405.0,5,32504.25,UPI,Processing,2025-11-01,32504.25
742,2025-02-22,Diya,38.0,Pune,Laptop,Electronics,3,21996.0,5,62688.6,Cash,Processing,2025-02-22,62688.6
743,2025-03-15,Ayesha,54.0,Pune,Printer,Office,8,45420.0,0,363360.0,Cash,Processing,2025-03-15,363360.0
744,2025-07-16,Zoya,59.0,Mumbai,Phone,Electronics,6,46312.0,10,250084.8,UPI,Cancelled,2025-07-16,250084.8
748,2025-10-06,Riya,48.0,Pune,Phone,Electronics,3,39940.0,10,107838.0,Card,Cancelled,2025-10-06,107838.0
750,2025-09-27,Najrin,47.0,Pune,Laptop,Electronics,6,43033.0,0,258198.0,UPI,Cancelled,2025-09-27,258198.0
751,2025-01-30, Aarav ,35.0,Jaipur,Printer,Office,1,28703.0,0,28703.0,Cash,Cancelled,2025-01-30,28703.0
753,2025-05-02,Diya,19.0,Mumbai,Keyboard,Accessories,3,53786.0,10,145222.2,Card,Cancelled,2025-05-02,145222.2
754,2025-12-20,Diya,56.0,Delhi,Phone,Electronics,8,26828.0,0,214624.0,Card,Processing,2025-12-20,214624.0
755,2025-02-08,Diya,58.0,Chennai,Keyboard,Accessories,3,29701.0,10,80192.7,Card,Processing,2025-02-08,80192.7
757,2025-11-17,Aarav,34.0,Jaipur,Keyboard,Accessories,3,50553.0,10,136493.1,Card,Delivered,2025-11-17,136493.1
758,2025-01-20,Kabir,36.0,Pune,Phone,Electronics,7,37704.0,10,237535.2,Card,Cancelled,2025-01-20,237535.2
759,2025-04-30,Zoya,28.0,Mumbai,Laptop,Electronics,7,54523.0,0,381661.0,Cash,Cancelled,2025-04-30,381661.0
760,2025-08-06,Zoya,50.0,Bhopal,Printer,Office,1,3491.0,5,3316.45,Cash,Delivered,2025-08-06,3316.45
761,2025-12-04,Aarav,36.0,Delhi,Phone,Electronics,8,44877.0,15,305163.6,UPI,Cancelled,2025-12-04,305163.6
762,2025-07-03,Zoya,26.0,Delhi,Laptop,Electronics,8,38971.0,0,311768.0,Card,Processing,2025-07-03,311768.0
764,2025-09-10,Riya,44.0,Mumbai,Printer,Office,3,57108.0,10,154191.6,Card,Delivered,2025-09-10,154191.6
765,2025-07-29,Najrin,50.0,Mumbai,Printer,Office,6,24606.0,10,132872.4,Cash,Cancelled,2025-07-29,132872.4
766,2025-09-09,Zoya,40.0,Chennai,Phone,Electronics,7,4682.0,5,31135.3,Card,Cancelled,2025-09-09,31135.3
767,2025-11-15,Aarav,53.0,Delhi,Printer,Office,1,36364.0,5,34545.8,UPI,Processing,2025-11-15,34545.8
768,2025-07-16,Ayesha,37.0,Mumbai,Laptop,Electronics,4,31531.0,10,113511.6,Card,Cancelled,2025-07-16,113511.6
769,2025-08-24,Aarav,46.0,Bhopal,Phone,Electronics,6,53234.0,5,303433.8,UPI,Cancelled,2025-08-24,303433.8
770,2025-07-11,Diya,18.0,Mumbai,Printer,Office,2,36449.0,15,61963.3,Cash,Delivered,2025-07-11,61963.3
771,2025-10-10,Riya,32.0,Bhopal,Printer,Office,2,45448.0,15,77261.59999999999,UPI,Cancelled,2025-10-10,77261.59999999999
772,2025-12-11, Najrin ,47.0,Pune,Printer,Office,3,46269.0,0,138807.0,Cash,Processing,2025-12-11,138807.0
773,2025-12-10,Diya,28.0,Chennai,Laptop,Electronics,7,35806.0,10,225577.8,UPI,Delivered,2025-12-10,225577.8
774,2025-01-01,Najrin,40.0,Delhi,Keyboard,Accessories,2,17674.0,10,31813.2,UPI,Delivered,2025-01-01,31813.2
775,2025-04-21,Najrin,39.0,Pune,Printer,Office,4,12636.0,10,45489.6,Card,Cancelled,2025-04-21,45489.6
776,2025-02-01,Aarav,49.0,Mumbai,Printer,Office,6,45161.0,5,257417.7,UPI,Delivered,2025-02-01,257417.7
778,2025-12-29,Ayesha,36.0,Chennai,Phone,Electronics,4,32689.0,10,117680.4,Card,Delivered,2025-12-29,117680.4
779,2025-12-26,Zoya,34.0,Jaipur,Laptop,Electronics,8,55281.0,0,442248.0,UPI,Processing,2025-12-26,442248.0
780,2025-05-23,Riya,54.0,Bhopal,Phone,Electronics,6,58997.0,10,318583.8,UPI,Cancelled,2025-05-23,318583.8
781,2025-03-05,Kabir,40.0,Bhopal,Keyboard,Accessories,7,55787.0,0,390509.0,UPI,Delivered,2025-03-05,390509.0
782,2025-05-18,Riya,49.0,Bhopal,Laptop,Electronics,4,41670.0,15,141678.0,UPI,Processing,2025-05-18,141678.0
785,2025-03-10,Riya,43.0,Bhopal,Printer,Office,3,30389.0,10,82050.3,Card,Cancelled,2025-03-10,82050.3
786,2025-05-04,Najrin,58.0,Chennai,Laptop,Electronics,2,24434.0,5,46424.6,UPI,Processing,2025-05-04,46424.6
787,2025-12-16,Ayesha,33.0,Delhi,Laptop,Electronics,1,53527.0,0,53527.0,Cash,Delivered,2025-12-16,53527.0
788,2025-05-27,Aarav,54.0,Pune,Phone,Electronics,five,54041.0,10,243184.5,UPI,Processing,2025-05-27,243184.5
789,2025-12-19,Rehan,21.0,Jaipur,Laptop,Electronics,3,47115.0,5,134277.75,UPI,Processing,2025-12-19,134277.75
791,2025-02-20,Najrin,30.0,Jaipur,Printer,Office,4,18730.0,5,71174.0,Cash,Cancelled,2025-02-20,71174.0
792,2025-03-19,Ayesha,30.0,Jaipur,Laptop,Electronics,3,25750.0,5,73387.5,UPI,Delivered,2025-03-19,73387.5
793,2025-07-03,Riya,28.0,Mumbai,Laptop,Electronics,4,8128.0,5,30886.4,Cash,Delivered,2025-07-03,30886.4
794,2025-03-20,Zoya,29.0,Bhopal,Keyboard,Accessories,8,46436.0,0,371488.0,UPI,Processing,2025-03-20,371488.0
795,2025-12-27,Rehan,20.0,Mumbai,Keyboard,Accessories,2,24373.0,10,43871.4,UPI,Processing,2025-12-27,43871.4
797,2025-09-14,Zoya,21.0,Delhi,Printer,Office,2,54324.0,5,103215.6,Cash,Delivered,2025-09-14,103215.6
798,2025-02-03,Rehan,43.0,Jaipur,Keyboard,Accessories,2,28998.0,10,52196.4,Card,Processing,2025-02-03,52196.4
799,2025-06-10,Zoya,52.0,Mumbai,Keyboard,Accessories,4,48517.0,10,174661.2,Card,Delivered,2025-06-10,174661.2
800,2025-09-25,Aarav,47.0,Delhi,Printer,Office,1,608.0,5,577.6,UPI,Cancelled,2025-09-25,577.6
801,2025-03-05,Ayesha,49.0,Pune,Laptop,Electronics,4,44556.0,10,160401.6,UPI,Cancelled,2025-03-05,160401.6
802,2025-11-08,Najrin,59.0,Chennai,Phone,Electronics,4,32311.0,10,116319.6,Cash,Delivered,2025-11-08,116319.6
804,2025-09-18,Najrin,20.0,Delhi,Phone,Electronics,5,42874.0,0,214370.0,UPI,Delivered,2025-09-18,214370.0
805,2025-09-25, Najrin ,37.0,Jaipur,Laptop,Electronics,5,3123.0,10,14053.5,Card,Delivered,2025-09-25,14053.5
806,2025-12-11,Ayesha,40.0,Bhopal,Phone,Electronics,2,36305.0,0,72610.0,Card,Processing,2025-12-11,72610.0
807,2025-06-24,Aarav,39.0,Chennai,Laptop,Electronics,2,31192.0,15,53026.4,Card,Delivered,2025-06-24,53026.4
808,2025-01-13,Najrin,20.0,Mumbai,Phone,Electronics,6,30245.0,10,163323.0,Cash,Delivered,2025-01-13,163323.0
809,2025-06-17,Kabir,38.0,Delhi,Printer,Office,8,5888.0,0,47104.0,UPI,Delivered,2025-06-17,47104.0
810,2025-11-09,Aarav,52.0,Pune,Laptop,Electronics,2,19593.0,0,39186.0,Cash,Cancelled,2025-11-09,39186.0
811,2025-10-22,Riya,46.0,Bhopal,Keyboard,Accessories,3,37008.0,10,99921.6,Card,Cancelled,2025-10-22,99921.6
813,2025-01-07,Zoya,29.0,Chennai,Printer,Office,8,51691.0,15,351498.8,Card,Processing,2025-01-07,351498.8
815,2025-06-11,Rehan,40.0,Jaipur,Phone,Electronics,five,59905.0,15,305515.5,UPI,Delivered,2025-06-11,305515.5
816,2025-05-11,Ayesha,19.0,Delhi,Keyboard,Accessories,five,34199.0,15,203484.05,Card,Delivered,2025-05-11,203484.05
817,2025-04-16,Zoya,20.0,Delhi,Keyboard,Accessories,1,28395.0,0,28395.0,Card,Cancelled,2025-04-16,28395.0
818,2025-10-05,Rehan,44.0,Chennai,Printer,Office,7,22944.0,15,136516.8,Card,Processing,2025-10-05,136516.8
819,2025-03-18,Rehan,51.0,Bhopal,Laptop,Electronics,3,28457.0,5,81102.45,Card,Delivered,2025-03-18,81102.45
820,2025-09-10,Diya,51.0,Chennai,printer,Office,five,18416.0,5,87476.0,UPI,Cancelled,2025-09-10,87476.0
821,2025-06-24,Zoya,57.0,Mumbai,Keyboard,Accessories,3,38351.0,0,115053.0,Cash,Cancelled,2025-06-24,115053.0
822,2025-05-31,Zoya,26.0,Delhi,Keyboard,Accessories,3,19972.0,5,56920.2,Card,Delivered,2025-05-31,56920.2
823,2025-01-27,Ayesha,50.0,Pune,Printer,Office,five,42272.0,0,295904.0,UPI,Cancelled,2025-01-27,295904.0
824,2025-10-10,Najrin,56.0,Mumbai,Keyboard,Accessories,2,12479.0,5,23710.1,Card,Delivered,2025-10-10,23710.1
825,2025-01-28,Kabir,49.0,Pune,Printer,Office,2,8695.0,0,17390.0,Cash,Delivered,2025-01-28,17390.0
827,2025-09-17,Zoya,43.0,Mumbai,Printer,Office,6,52489.0,0,314934.0,Card,Processing,2025-09-17,314934.0
828,2025-12-13,Kabir,30.0,Pune,Laptop,Electronics,3,27250.0,5,77662.5,Cash,Processing,2025-12-13,77662.5
829,2025-01-09,Ayesha,18.0,Mumbai,Phone,Electronics,4,14673.0,0,58692.0,Cash,Processing,2025-01-09,58692.0
831,2025-10-18,Rehan,37.0,Pune,Keyboard,Accessories,4,27951.0,5,106213.8,Cash,Cancelled,2025-10-18,106213.8
832,2025-08-15,Riya,55.0,Chennai,Printer,Office,8,45579.0,10,328168.8,UPI,Cancelled,2025-08-15,328168.8
833,2025-02-03,Aarav,39.0,Bhopal,Keyboard,Accessories,5,45478.0,0,227390.0,Card,Processing,2025-02-03,227390.0
834,2025-09-23,Kabir,25.0,Delhi,Printer,Office,6,50143.0,10,270772.2,Card,Delivered,2025-09-23,270772.2
835,2025-12-09,Ayesha,58.0,Bhopal,Keyboard,Accessories,1,43808.0,15,37236.8,UPI,Delivered,2025-12-09,37236.8
836,2025-07-29,Riya,18.0,Mumbai,Laptop,Electronics,five,38800.0,10,244440.0,UPI,Cancelled,2025-07-29,244440.0
837,2025-10-31,Diya,55.0,Bhopal,Keyboard,Accessories,3,5904.0,10,15940.8,Card,Delivered,2025-10-31,15940.8
838,2025-06-05,Kabir,38.0,Bhopal,Phone,Electronics,6,37733.0,10,203758.2,Card,Cancelled,2025-06-05,203758.2
839,2025-01-05,Aarav,40.0,Bhopal,Laptop,Electronics,5,19975.0,5,94881.25,UPI,Cancelled,2025-01-05,94881.25
840,2025-01-07,Najrin,58.0,Bhopal,Keyboard,Accessories,8,1983.0,15,13484.4,UPI,Cancelled,2025-01-07,13484.4
841,2025-06-24,Diya,54.0,Chennai,Laptop,Electronics,4,17977.0,10,64717.2,Cash,Delivered,2025-06-24,64717.2
842,2025-12-27,Rehan,32.0,Bhopal,Laptop,Electronics,5,11257.0,5,53470.75,UPI,Delivered,2025-12-27,53470.75
843,2025-12-17,Aarav,30.0,Bhopal,Keyboard,Accessories,3,33664.0,15,85843.2,Card,Cancelled,2025-12-17,85843.2
844,2025-08-06,Kabir,46.0,Chennai,Keyboard,Accessories,6,8799.0,0,52794.0,UPI,Delivered,2025-08-06,52794.0
847,2025-08-21,Najrin,43.0,Pune,Keyboard,Accessories,5,8994.0,0,44970.0,Cash,Delivered,2025-08-21,44970.0
849,2025-03-29,Zoya,43.0,Pune,Keyboard,Accessories,8,50238.0,15,341618.4,UPI,Processing,2025-03-29,341618.4
850,2025-11-03,Ayesha,22.0,Mumbai,Keyboard,Accessories,7,23271.0,0,162897.0,Cash,Processing,2025-11-03,162897.0
851,2025-02-24,Najrin,23.0,Pune,Printer,Office,8,49347.0,15,335559.6,Cash,Delivered,2025-02-24,335559.6
852,2025-11-14,Najrin,58.0,Jaipur,Laptop,Electronics,5,56720.0,0,283600.0,Cash,Cancelled,2025-11-14,283600.0
853,2025-01-09,Rehan,53.0,Chennai,Laptop,Electronics,3,41401.0,15,105572.55,Card,Delivered,2025-01-09,105572.55
854,2025-02-06,Zoya,46.0,Delhi,Printer,Office,4,24675.0,15,83895.0,Cash,Delivered,2025-02-06,83895.0
855,2025-07-12,Aarav,31.0,Mumbai,Keyboard,Accessories,2,967.0,15,1643.9,Card,Cancelled,2025-07-12,1643.9
857,2025-03-05,Ayesha,21.0,Jaipur,Printer,Office,4,1260.0,15,4284.0,Cash,Cancelled,2025-03-05,4284.0
858,2025-01-07,Kabir,36.0,Bhopal,Keyboard,Accessories,3,50148.0,0,150444.0,UPI,Delivered,2025-01-07,150444.0
859,2025-10-07,Najrin,50.0,Pune,Keyboard,Accessories,1,28202.0,5,26791.9,Cash,Processing,2025-10-07,26791.9
860,2025-10-18,Rehan,45.0,Delhi,Laptop,Electronics,1,12084.0,15,10271.4,UPI,Delivered,2025-10-18,10271.4
861,2025-12-27,Diya,43.0,Jaipur,Laptop,Electronics,3,44039.0,0,132117.0,UPI,Processing,2025-12-27,132117.0
862,2025-01-30,Riya,53.0,Jaipur,Keyboard,Accessories,2,4736.0,0,9472.0,Card,Delivered,2025-01-30,9472.0
863,2025-04-22,Diya,27.0,Jaipur,Phone,Electronics,3,48807.0,5,139099.95,UPI,Cancelled,2025-04-22,139099.95
865,2025-11-10,Zoya,39.0,Jaipur,Printer,Office,4,3521.0,10,12675.6,UPI,Processing,2025-11-10,12675.6
866,2025-06-25,Aarav,30.0,Bhopal,Keyboard,Accessories,6,35053.0,10,189286.2,UPI,Processing,2025-06-25,189286.2
868,2025-08-10,Riya,57.0,Chennai,Keyboard,Accessories,1,54671.0,15,46470.35,Cash,Cancelled,2025-08-10,46470.35
869,2025-06-15,Diya,60.0,Pune,Phone,Electronics,1,2576.0,10,2318.4,Card,Cancelled,2025-06-15,2318.4
870,2025-02-13,Kabir,44.0,Pune,Printer,Office,2,51238.0,10,92228.4,Card,Delivered,2025-02-13,92228.4
871,2025-11-16,Aarav,20.0,Bhopal,Printer,Office,3,17183.0,15,43816.65,UPI,Processing,2025-11-16,43816.65
872,2025-03-07,Ayesha,52.0,Bhopal,Keyboard,Accessories,6,50172.0,15,255877.2,Card,Delivered,2025-03-07,255877.2
873,2025-02-22,Kabir,33.0,Bhopal,Printer,Office,2,19109.0,0,38218.0,UPI,Processing,2025-02-22,38218.0
874,2025-01-01,Zoya,54.0,Jaipur,Phone,Electronics,5,49980.0,0,249900.0,UPI,Processing,2025-01-01,249900.0
875,2025-11-23,Ayesha,50.0,Mumbai,Keyboard,Accessories,7,46080.0,0,322560.0,UPI,Cancelled,2025-11-23,322560.0
876,2025-12-19,Aarav,27.0,Chennai,Printer,Office,2,13038.0,5,24772.2,UPI,Delivered,2025-12-19,24772.2
878,2025-01-06,Diya,47.0,Jaipur,Printer,Office,8,27120.0,10,195264.0,Cash,Processing,2025-01-06,195264.0
879,2025-07-29,Aarav,44.0,Chennai,Laptop,Electronics,5,21367.0,0,106835.0,Cash,Delivered,2025-07-29,106835.0
880,2025-05-01,Kabir,22.0,Chennai,Keyboard,Accessories,five,12458.0,10,33636.6,UPI,Processing,2025-05-01,33636.6
882,2025-01-14,Diya,25.0,Pune,Printer,Office,6,44898.0,0,269388.0,Card,Cancelled,2025-01-14,269388.0
883,2025-04-29,Aarav,60.0,Pune,Laptop,Electronics,2,59524.0,0,119048.0,UPI,Processing,2025-04-29,119048.0
885,2025-11-15,Riya,50.0,Chennai,Laptop,Electronics,3,3354.0,5,9558.9,Cash,Cancelled,2025-11-15,9558.9
887,2025-06-22,Zoya,60.0,Pune,Keyboard,Accessories,2,36505.0,10,65709.0,UPI,Processing,2025-06-22,65709.0
888,2025-01-31,Zoya,24.0,Delhi,Laptop,Electronics,2,21739.0,0,43478.0,UPI,Delivered,2025-01-31,43478.0
889,2025-06-29,Zoya,41.0,Chennai,Keyboard,Accessories,7,553.0,0,3871.0,UPI,Delivered,2025-06-29,3871.0
892,2025-09-22,Riya,34.0,Mumbai,Laptop,Electronics,2,34891.0,5,66292.9,Card,Processing,2025-09-22,66292.9
893,2025-12-12,Diya,26.0,Jaipur,Keyboard,Accessories,6,31154.0,15,158885.4,UPI,Delivered,2025-12-12,158885.4
894,2025-12-05,Aarav,53.0,Chennai,Keyboard,Accessories,6,36545.0,0,219270.0,Cash,Delivered,2025-12-05,219270.0
895,2025-05-16,Zoya,39.0,Chennai,Keyboard,Accessories,6,52866.0,10,285476.4,Card,Cancelled,2025-05-16,285476.4
896,2025-11-29,Rehan,44.0,Mumbai,Printer,Office,7,34480.0,0,241360.0,Card,Processing,2025-11-29,241360.0
898,2025-11-21,Ayesha,49.0,Delhi,Keyboard,Accessories,1,11852.0,10,10666.8,UPI,Delivered,2025-11-21,10666.8
900,2025-08-27,Zoya,39.0,Delhi,Phone,Electronics,8,52184.0,15,354851.2,Card,Processing,2025-08-27,354851.2
901,2025-04-04,Najrin,29.0,Chennai,Phone,Electronics,3,56105.0,15,143067.75,UPI,Cancelled,2025-04-04,143067.75
902,2025-03-05,Zoya,54.0,Mumbai,Printer,Office,3,5942.0,15,15152.1,Cash,Cancelled,2025-03-05,15152.1
903,2025-12-11,Aarav,54.0,Mumbai,Phone,Electronics,5,52138.0,0,260690.0,Cash,Cancelled,2025-12-11,260690.0
905,2025-03-21,Aarav,34.0,Pune,Keyboard,Accessories,4,51211.0,15,174117.4,Cash,Processing,2025-03-21,174117.4
906,2025-05-29,Riya,42.0,Chennai,Laptop,Electronics,3,43559.0,5,124143.15,Cash,Cancelled,2025-05-29,124143.15
907,2025-01-28,Riya,40.0,Jaipur,Phone,Electronics,4,19849.0,0,79396.0,UPI,Cancelled,2025-01-28,79396.0
908,2025-02-15,Riya,21.0,Bhopal,Laptop,Electronics,1,25118.0,0,25118.0,UPI,Delivered,2025-02-15,25118.0
909,2025-02-03,Rehan,33.0,Mumbai,Phone,Electronics,1,49872.0,10,44884.8,UPI,Cancelled,2025-02-03,44884.8
910,2025-03-02,Riya,28.0,Chennai,Laptop,Electronics,8,44182.0,10,318110.4,UPI,Processing,2025-03-02,318110.4
911,2025-12-14,Aarav,44.0,Pune,Keyboard,Accessories,1,28593.0,15,24304.05,Card,Cancelled,2025-12-14,24304.05
912,2025-03-12,Ayesha,54.0,Chennai,Laptop,Electronics,7,35204.0,5,234106.6,Cash,Cancelled,2025-03-12,234106.6
914,2025-09-19,Najrin,54.0,Delhi,Keyboard,Accessories,2,18959.0,15,32230.3,UPI,Delivered,2025-09-19,32230.3
915,2025-09-07,Ayesha,34.0,Mumbai,Keyboard,Accessories,8,51274.0,10,369172.8,UPI,Processing,2025-09-07,369172.8
916,2025-11-04,Aarav,40.0,Bhopal,Laptop,Electronics,7,40290.0,15,239725.5,Card,Delivered,2025-11-04,239725.5
917,2025-01-30,Rehan,21.0,Pune,Keyboard,Accessories,1,24435.0,5,23213.25,Card,Delivered,2025-01-30,23213.25
918,2025-05-19,Diya,21.0,Chennai,Keyboard,Accessories,7,17908.0,5,119088.2,Card,Processing,2025-05-19,119088.2
919,2025-09-29,Ayesha,25.0,Chennai,Keyboard,Accessories,6,24299.0,5,138504.3,Card,Delivered,2025-09-29,138504.3
921,2025-11-26,Rehan,48.0,Mumbai,Keyboard,Accessories,6,48498.0,0,290988.0,Cash,Processing,2025-11-26,290988.0
922,2025-10-20,Najrin,56.0,Bhopal,Printer,Office,5,35189.0,0,175945.0,UPI,Processing,2025-10-20,175945.0
923,2025-10-08,Najrin,57.0,Pune,Keyboard,Accessories,2,3192.0,5,6064.799999999999,Cash,Cancelled,2025-10-08,6064.799999999999
924,2025-10-07,Rehan,49.0,Mumbai,Printer,Office,8,39815.0,5,302594.0,Cash,Processing,2025-10-07,302594.0
925,2025-08-11,Riya,37.0,Jaipur,Laptop,Electronics,5,7722.0,15,32818.5,UPI,Cancelled,2025-08-11,32818.5
926,2025-01-14,Najrin,26.0,Delhi,Phone,Electronics,4,38679.0,15,131508.6,UPI,Cancelled,2025-01-14,131508.6
927,2025-06-25,Ayesha,41.0,Mumbai,Phone,Electronics,3,21897.0,5,62406.45,Card,Cancelled,2025-06-25,62406.45
928,2025-02-17,Ayesha,51.0,Jaipur,Laptop,Electronics,5,50200.0,15,213350.0,Cash,Cancelled,2025-02-17,213350.0
929,2025-09-07,Zoya,38.0,Pune,Printer,Office,6,46206.0,15,235650.6,Cash,Cancelled,2025-09-07,235650.6
930,2025-12-07,Najrin,19.0,Bhopal,Phone,Electronics,6,46289.0,15,236073.9,Cash,Cancelled,2025-12-07,236073.9
931,2025-11-18,Najrin,44.0,Chennai,Laptop,Electronics,4,24513.0,0,98052.0,Cash,Cancelled,2025-11-18,98052.0
932,2025-09-25,Zoya,23.0,Chennai,Phone,Electronics,5,8969.0,5,42602.75,UPI,Processing,2025-09-25,42602.75
933,2025-07-16,Aarav,20.0,Bhopal,Keyboard,Accessories,7,47756.0,5,317577.4,UPI,Delivered,2025-07-16,317577.4
934,2025-06-14,Ayesha,44.0,Delhi,Phone,Electronics,4,54416.0,15,185014.4,Cash,Cancelled,2025-06-14,185014.4
935,2025-10-31,Zoya,47.0,Chennai,Laptop,Electronics,4,44828.0,10,161380.8,Card,Processing,2025-10-31,161380.8
936,2025-04-15,Diya,30.0,Jaipur,Laptop,Electronics,2,48569.0,5,92281.1,Cash,Cancelled,2025-04-15,92281.1
937,2025-06-23,Kabir,18.0,Chennai,Printer,Office,2,52432.0,10,94377.6,Cash,Processing,2025-06-23,94377.6
938,2025-01-18, Rehan ,26.0,Bhopal,Keyboard,Accessories,8,33999.0,0,271992.0,Card,Cancelled,2025-01-18,271992.0
939,2025-12-04,Riya,23.0,Chennai,Phone,Electronics,3,43168.0,5,123028.8,UPI,Processing,2025-12-04,123028.8
941,2025-08-24,Aarav,33.0,Pune,Phone,Electronics,5,34560.0,0,172800.0,Card,Delivered,2025-08-24,172800.0
942,2025-03-28,Diya,58.0,Chennai,Printer,Office,6,24815.0,10,134001.0,Cash,Processing,2025-03-28,134001.0
943,2025-09-28,Ayesha,53.0,Pune,Laptop,Electronics,3,8661.0,5,24683.85,Cash,Delivered,2025-09-28,24683.85
944,2025-03-21,Rehan,24.0,Chennai,Keyboard,Accessories,8,40776.0,10,293587.2,UPI,Delivered,2025-03-21,293587.2
946,2025-11-20,Kabir,33.0,Bhopal,Phone,Electronics,5,42784.0,5,203224.0,Card,Processing,2025-11-20,203224.0
947,2025-12-05,Ayesha,53.0,Bhopal,Laptop,Electronics,2,12116.0,0,24232.0,Card,Delivered,2025-12-05,24232.0
948,2025-08-18,Rehan,52.0,Pune,Phone,Electronics,6,11361.0,5,64757.7,Cash,Delivered,2025-08-18,64757.7
950,2025-03-11,Najrin,32.0,Jaipur,Laptop,Electronics,6,46229.0,0,277374.0,UPI,Cancelled,2025-03-11,277374.0
952,2025-02-15,Riya,44.0,Mumbai,Printer,Office,1,38236.0,0,38236.0,Card,Delivered,2025-02-15,38236.0
953,2025-09-26,Zoya,43.0,Bhopal,Phone,Electronics,3,10232.0,5,29161.2,Card,Delivered,2025-09-26,29161.2
954,2025-04-26,Rehan,33.0,Jaipur,Keyboard,Accessories,3,36224.0,15,92371.2,Card,Delivered,2025-04-26,92371.2
955,2025-10-20,Ayesha,24.0,Mumbai,Phone,Electronics,3,16377.0,15,41761.35,Cash,Cancelled,2025-10-20,41761.35
956,2025-10-04,Zoya,41.0,Jaipur,printer,Office,8,44703.0,15,303980.4,Card,Cancelled,2025-10-04,303980.4
958,2025-12-18,Rehan,44.0,Mumbai,Phone,Electronics,2,5472.0,0,10944.0,Card,Cancelled,2025-12-18,10944.0
959,2025-01-31,Kabir,31.0,Delhi,Phone,Electronics,6,39331.0,10,212387.4,UPI,Processing,2025-01-31,212387.4
961,2025-01-19,Najrin,56.0,Delhi,Keyboard,Accessories,1,17656.0,10,15890.4,UPI,Delivered,2025-01-19,15890.4
962,2025-12-07,Diya,32.0,Bhopal,Keyboard,Accessories,1,37174.0,10,33456.6,UPI,Processing,2025-12-07,33456.6
965,2025-03-02,Riya,49.0,Chennai,Printer,Office,6,24167.0,15,123251.7,Card,Cancelled,2025-03-02,123251.7
966,2025-01-25,Rehan,31.0,Chennai,Keyboard,Accessories,4,48914.0,5,185873.2,UPI,Processing,2025-01-25,185873.2
967,2025-04-14,Rehan,52.0,Bhopal,Printer,Office,5,23805.0,5,113073.75,UPI,Delivered,2025-04-14,113073.75
968,2025-07-08,Diya,51.0,Pune,Printer,Office,8,48936.0,10,352339.2,UPI,Cancelled,2025-07-08,352339.2
969,2025-11-03,Ayesha,51.0,Mumbai,Phone,Electronics,7,3920.0,0,27440.0,Cash,Delivered,2025-11-03,27440.0
971,2025-08-01,Riya,55.0,Jaipur,Printer,Office,five,9678.0,15,8226.3,UPI,Delivered,2025-08-01,8226.3
972,2025-07-11,Aarav,43.0,Jaipur,Keyboard,Accessories,6,14372.0,10,77608.8,UPI,Cancelled,2025-07-11,77608.8
973,2025-08-20,Diya,28.0,Jaipur,Printer,Office,5,6379.0,0,31895.0,UPI,Cancelled,2025-08-20,31895.0
974,2025-08-18,Diya,27.0,Chennai,Keyboard,Accessories,5,38750.0,0,193750.0,Cash,Processing,2025-08-18,193750.0
975,2025-07-07,Najrin,50.0,Chennai,Printer,Office,6,14820.0,10,80028.0,Cash,Processing,2025-07-07,80028.0
976,2025-05-28,Ayesha,20.0,Bhopal,Laptop,Electronics,2,9762.0,0,19524.0,Cash,Cancelled,2025-05-28,19524.0
979,2025-10-09,Najrin,59.0,Jaipur,Keyboard,Accessories,8,58162.0,10,418766.4,UPI,Processing,2025-10-09,418766.4
980,2025-03-14, Diya ,42.0,Delhi,Printer,Office,5,54617.0,0,273085.0,Cash,Delivered,2025-03-14,273085.0
981,2025-08-24,Rehan,58.0,Jaipur,Phone,Electronics,2,13614.0,15,23143.8,Cash,Delivered,2025-08-24,23143.8
982,2025-07-09,Zoya,48.0,Delhi,Printer,Office,8,32165.0,0,257320.0,Cash,Cancelled,2025-07-09,257320.0
983,2025-03-16,Aarav,53.0,Delhi,Phone,Electronics,3,42154.0,0,126462.0,Cash,Processing,2025-03-16,126462.0
984,2025-05-23,Rehan,24.0,Jaipur,Laptop,Electronics,7,38911.0,10,245139.3,Cash,Delivered,2025-05-23,245139.3
985,2025-07-04,Riya,58.0,Chennai,Printer,Office,4,58525.0,10,210690.0,UPI,Processing,2025-07-04,210690.0
987,2025-12-17,Zoya,60.0,Mumbai,Phone,Electronics,5,55592.0,10,250164.0,UPI,Processing,2025-12-17,250164.0
988,2025-06-10,Riya,46.0,Bhopal,Laptop,Electronics,7,49099.0,10,309323.7,UPI,Cancelled,2025-06-10,309323.7
990,2025-05-15,Najrin,33.0,Mumbai,Laptop,Electronics,5,35274.0,0,176370.0,Card,Delivered,2025-05-15,176370.0
991,2025-10-15,Najrin,58.0,Bhopal,Printer,Office,4,16225.0,5,61655.0,Cash,Processing,2025-10-15,61655.0
992,2025-06-09,Diya,55.0,Bhopal,Phone,Electronics,4,33416.0,5,126980.8,Cash,Cancelled,2025-06-09,126980.8
993,2025-04-19,Aarav,55.0,Jaipur,Laptop,Electronics,7,38951.0,10,245391.3,Cash,Cancelled,2025-04-19,245391.3
994,2025-04-10,Najrin,22.0,Bhopal,Printer,Office,5,21231.0,5,100847.25,Card,Delivered,2025-04-10,100847.25
995,2025-11-26,Zoya,33.0,Jaipur,Keyboard,Accessories,4,17931.0,0,71724.0,UPI,Delivered,2025-11-26,71724.0
996,2025-05-18,Riya,39.0,Jaipur,Laptop,Electronics,5,19288.0,0,96440.0,UPI,Delivered,2025-05-18,96440.0
998,2025-11-04,Diya,54.0,Chennai,Laptop,Electronics,7,36650.0,5,243722.5,UPI,Processing,2025-11-04,243722.5
999,2025-09-16,Riya,40.0,Mumbai,Keyboard,Accessories,5,45853.0,10,206338.5,UPI,Processing,2025-09-16,206338.5
